"Relative Time (Process)","reranker-ModernBERT-base-msmarco-bce-AdamW.Cosine-ep-1-3 - system/gpu.0.memoryAllocated","reranker-ModernBERT-base-msmarco-bce-AdamW.Cosine-ep-1-3 - system/gpu.0.memoryAllocated__MIN","reranker-ModernBERT-base-msmarco-bce-AdamW.Cosine-ep-1-3 - system/gpu.0.memoryAllocated__MAX","reranker-ModernBERT-base-msmarco-bce-AdamW.Cosine-ep-1-3 - system/gpu.1.memoryAllocated","reranker-ModernBERT-base-msmarco-bce-AdamW.Cosine-ep-1-3 - system/gpu.1.memoryAllocated__MIN","reranker-ModernBERT-base-msmarco-bce-AdamW.Cosine-ep-1-3 - system/gpu.1.memoryAllocated__MAX","reranker-ModernBERT-base-msmarco-bce-AdamW.Cosine-ep-1-3 - system/gpu.2.memoryAllocated","reranker-ModernBERT-base-msmarco-bce-AdamW.Cosine-ep-1-3 - system/gpu.2.memoryAllocated__MIN","reranker-ModernBERT-base-msmarco-bce-AdamW.Cosine-ep-1-3 - system/gpu.2.memoryAllocated__MAX","reranker-ModernBERT-base-msmarco-bce-Lion.Cosine-ep-1-3 - system/gpu.0.memoryAllocated","reranker-ModernBERT-base-msmarco-bce-Lion.Cosine-ep-1-3 - system/gpu.0.memoryAllocated__MIN","reranker-ModernBERT-base-msmarco-bce-Lion.Cosine-ep-1-3 - system/gpu.0.memoryAllocated__MAX","reranker-ModernBERT-base-msmarco-bce-Lion.Cosine-ep-1-3 - system/gpu.1.memoryAllocated","reranker-ModernBERT-base-msmarco-bce-Lion.Cosine-ep-1-3 - system/gpu.1.memoryAllocated__MIN","reranker-ModernBERT-base-msmarco-bce-Lion.Cosine-ep-1-3 - system/gpu.1.memoryAllocated__MAX","reranker-ModernBERT-base-msmarco-bce-Lion.Cosine-ep-1-3 - system/gpu.2.memoryAllocated","reranker-ModernBERT-base-msmarco-bce-Lion.Cosine-ep-1-3 - system/gpu.2.memoryAllocated__MIN","reranker-ModernBERT-base-msmarco-bce-Lion.Cosine-ep-1-3 - system/gpu.2.memoryAllocated__MAX"
"15.415313894","","","","","","","","","","48.55539637058261","48.55539637058261","48.55539637058261","33.1159915776678","33.1159915776678","33.1159915776678","36.359023617261435","36.359023617261435","36.359023617261435"
"15.419779363","50.07923070243987","50.07923070243987","50.07923070243987","34.19700225753235","34.19700225753235","34.19700225753235","38.06519709993922","38.06519709993922","38.06519709993922","","","","","","","","",""
"30.399403889","","","","","","","","","","48.5727620039941","48.5727620039941","48.5727620039941","45.146034123469654","45.146034123469654","45.146034123469654","48.64520925588261","48.64520925588261","48.64520925588261"
"30.416862765","50.100937744204224","50.100937744204224","50.100937744204224","46.739330988972824","46.739330988972824","46.739330988972824","50.8506446991404","50.8506446991404","50.8506446991404","","","","","","","","",""
"45.40489382","","","","","","","","","","56.925631674915344","56.925631674915344","56.925631674915344","45.146034123469654","45.146034123469654","45.146034123469654","48.64520925588261","48.64520925588261","48.64520925588261"
"45.417524922","58.679560649474695","58.679560649474695","58.679560649474695","46.739330988972824","46.739330988972824","46.739330988972824","50.8506446991404","50.8506446991404","50.8506446991404","","","","","","","","",""
"60.405638197","58.679560649474695","58.679560649474695","58.679560649474695","46.739330988972824","46.739330988972824","46.739330988972824","50.8506446991404","50.8506446991404","50.8506446991404","","","","","","","","",""
"60.405883006","","","","","","","","","","56.925631674915344","56.925631674915344","56.925631674915344","45.146034123469654","45.146034123469654","45.146034123469654","48.64520925588261","48.64520925588261","48.64520925588261"
"75.402474139","","","","","","","","","","56.925631674915344","56.925631674915344","56.925631674915344","45.146034123469654","45.146034123469654","45.146034123469654","56.35555049057914","56.35555049057914","56.35555049057914"
"75.413961808","58.679560649474695","58.679560649474695","58.679560649474695","46.739330988972824","46.739330988972824","46.739330988972824","58.76937353477468","58.76937353477468","58.76937353477468","","","","","","","","",""
"90.400820338","","","","","","","","","","56.925631674915344","56.925631674915344","56.925631674915344","52.33540635582183","52.33540635582183","52.33540635582183","73.46069940088564","73.46069940088564","73.46069940088564"
"90.406425467","58.679560649474695","58.679560649474695","58.679560649474695","54.128408005557006","54.128408005557006","54.128408005557006","76.56914778154034","76.56914778154034","76.56914778154034","","","","","","","","",""
"105.407275015","58.679560649474695","58.679560649474695","58.679560649474695","54.128408005557006","54.128408005557006","54.128408005557006","76.56914778154034","76.56914778154034","76.56914778154034","","","","","","","","",""
"105.407372061","","","","","","","","","","56.925631674915344","56.925631674915344","56.925631674915344","52.33540635582183","52.33540635582183","52.33540635582183","73.46069940088564","73.46069940088564","73.46069940088564"
"120.403565341","","","","","","","","","","56.925631674915344","56.925631674915344","56.925631674915344","59.68106928887731","59.68106928887731","59.68106928887731","73.46069940088564","73.46069940088564","73.46069940088564"
"120.406639996","58.679560649474695","58.679560649474695","58.679560649474695","61.67811713119736","61.67811713119736","61.67811713119736","76.56914778154034","76.56914778154034","76.56914778154034","","","","","","","","",""
"135.403775387","","","","","","","","","","56.925631674915344","56.925631674915344","56.925631674915344","59.68106928887731","59.68106928887731","59.68106928887731","85.38654814621863","85.38654814621863","85.38654814621863"
"135.405450419","58.679560649474695","58.679560649474695","58.679560649474695","61.67811713119736","61.67811713119736","61.67811713119736","76.56914778154034","76.56914778154034","76.56914778154034","","","","","","","","",""
"150.395549297","58.679560649474695","58.679560649474695","58.679560649474695","61.67811713119736","61.67811713119736","61.67811713119736","88.78587088651558","88.78587088651558","88.78587088651558","","","","","","","","",""
"150.399584493","","","","","","","","","","69.21181731353651","69.21181731353651","69.21181731353651","68.99773161413563","68.99773161413563","68.99773161413563","85.38654814621863","85.38654814621863","85.38654814621863"
"165.393846748","","","","","","","","","","69.21181731353651","69.21181731353651","69.21181731353651","68.99773161413563","68.99773161413563","68.99773161413563","85.38654814621863","85.38654814621863","85.38654814621863"
"165.414888247","71.26096205609099","71.26096205609099","71.26096205609099","71.49838282538855","71.49838282538855","71.49838282538855","88.78587088651558","88.78587088651558","88.78587088651558","","","","","","","","",""
"180.40362051","","","","","","","","","","69.21181731353651","69.21181731353651","69.21181731353651","68.99773161413563","68.99773161413563","68.99773161413563","85.38654814621863","85.38654814621863","85.38654814621863"
"180.407901322","71.26096205609099","71.26096205609099","71.26096205609099","71.49838282538855","71.49838282538855","71.49838282538855","88.78587088651558","88.78587088651558","88.78587088651558","","","","","","","","",""
"195.400019467","","","","","","","","","","69.21181731353651","69.21181731353651","69.21181731353651","68.99773161413563","68.99773161413563","68.99773161413563","85.38654814621863","85.38654814621863","85.38654814621863"
"195.404479166","71.26096205609099","71.26096205609099","71.26096205609099","71.49838282538855","71.49838282538855","71.49838282538855","88.78587088651558","88.78587088651558","88.78587088651558","","","","","","","","",""
"210.404051438","","","","","","","","","","69.21181731353651","69.21181731353651","69.21181731353651","68.99773161413563","68.99773161413563","68.99773161413563","85.38654814621863","85.38654814621863","85.38654814621863"
"210.414780854","71.26096205609099","71.26096205609099","71.26096205609099","71.49838282538855","71.49838282538855","71.49838282538855","88.78587088651558","88.78587088651558","88.78587088651558","","","","","","","","",""
"225.403490164","71.26096205609099","71.26096205609099","71.26096205609099","71.49838282538855","71.49838282538855","71.49838282538855","88.78587088651558","88.78587088651558","88.78587088651558","","","","","","","","",""
"225.429598161","","","","","","","","","","69.21181731353651","69.21181731353651","69.21181731353651","68.99773161413563","68.99773161413563","68.99773161413563","85.38654814621863","85.38654814621863","85.38654814621863"
"240.399466386","","","","","","","","","","69.21181731353651","69.21181731353651","69.21181731353651","68.99773161413563","68.99773161413563","68.99773161413563","85.38654814621863","85.38654814621863","85.38654814621863"
"240.419018067","71.26096205609099","71.26096205609099","71.26096205609099","71.49838282538855","71.49838282538855","71.49838282538855","88.78587088651558","88.78587088651558","88.78587088651558","","","","","","","","",""
"255.404035334","","","","","","","","","","69.21181731353651","69.21181731353651","69.21181731353651","68.99773161413563","68.99773161413563","68.99773161413563","85.38654814621863","85.38654814621863","85.38654814621863"
"255.413324392","71.26096205609099","71.26096205609099","71.26096205609099","71.49838282538855","71.49838282538855","71.49838282538855","88.78587088651558","88.78587088651558","88.78587088651558","","","","","","","","",""
"270.400944103","71.26096205609099","71.26096205609099","71.26096205609099","71.49838282538855","71.49838282538855","71.49838282538855","88.78587088651558","88.78587088651558","88.78587088651558","","","","","","","","",""
"270.402717503","","","","","","","","","","69.21181731353651","69.21181731353651","69.21181731353651","68.99773161413563","68.99773161413563","68.99773161413563","85.38654814621863","85.38654814621863","85.38654814621863"
"285.400177847","","","","","","","","","","69.21181731353651","69.21181731353651","69.21181731353651","68.99773161413563","68.99773161413563","68.99773161413563","85.38654814621863","85.38654814621863","85.38654814621863"
"285.411378679","71.26096205609099","71.26096205609099","71.26096205609099","71.49838282538855","71.49838282538855","71.49838282538855","88.78587088651558","88.78587088651558","88.78587088651558","","","","","","","","",""
"300.401694516","","","","","","","","","","69.21181731353651","69.21181731353651","69.21181731353651","68.99773161413563","68.99773161413563","68.99773161413563","85.38654814621863","85.38654814621863","85.38654814621863"
"300.407801003","71.26096205609099","71.26096205609099","71.26096205609099","71.49838282538855","71.49838282538855","71.49838282538855","88.78587088651558","88.78587088651558","88.78587088651558","","","","","","","","",""
"315.404369646","","","","","","","","","","69.21181731353651","69.21181731353651","69.21181731353651","68.99773161413563","68.99773161413563","68.99773161413563","85.38654814621863","85.38654814621863","85.38654814621863"
"315.407989523","71.26096205609099","71.26096205609099","71.26096205609099","71.49838282538855","71.49838282538855","71.49838282538855","88.78587088651558","88.78587088651558","88.78587088651558","","","","","","","","",""
"330.402524898","","","","","","","","","","69.21181731353651","69.21181731353651","69.21181731353651","68.99773161413563","68.99773161413563","68.99773161413563","85.38654814621863","85.38654814621863","85.38654814621863"
"330.409488433","71.26096205609099","71.26096205609099","71.26096205609099","71.49838282538855","71.49838282538855","71.49838282538855","88.78587088651558","88.78587088651558","88.78587088651558","","","","","","","","",""
"345.392300203","","","","","","","","","","69.21181731353651","69.21181731353651","69.21181731353651","68.99773161413563","68.99773161413563","68.99773161413563","85.38654814621863","85.38654814621863","85.38654814621863"
"345.404076867","71.26096205609099","71.26096205609099","71.26096205609099","71.49838282538855","71.49838282538855","71.49838282538855","88.78587088651558","88.78587088651558","88.78587088651558","","","","","","","","",""
"360.403461525","","","","","","","","","","69.21181731353651","69.21181731353651","69.21181731353651","68.99773161413563","68.99773161413563","68.99773161413563","85.38654814621863","85.38654814621863","85.38654814621863"
"360.408540085","71.26096205609099","71.26096205609099","71.26096205609099","71.49838282538855","71.49838282538855","71.49838282538855","88.78587088651558","88.78587088651558","88.78587088651558","","","","","","","","",""
"375.402890622","","","","","","","","","","69.21181731353651","69.21181731353651","69.21181731353651","68.99773161413563","68.99773161413563","68.99773161413563","85.38654814621863","85.38654814621863","85.38654814621863"
"375.403386315","71.26096205609099","71.26096205609099","71.26096205609099","71.49838282538855","71.49838282538855","71.49838282538855","88.78587088651558","88.78587088651558","88.78587088651558","","","","","","","","",""
"390.400295367","71.26096205609099","71.26096205609099","71.26096205609099","71.49838282538855","71.49838282538855","71.49838282538855","88.78587088651558","88.78587088651558","88.78587088651558","","","","","","","","",""
"390.405519264","","","","","","","","","","69.21181731353651","69.21181731353651","69.21181731353651","68.99773161413563","68.99773161413563","68.99773161413563","85.38654814621863","85.38654814621863","85.38654814621863"
"405.400599386","","","","","","","","","","69.21181731353651","69.21181731353651","69.21181731353651","68.99773161413563","68.99773161413563","68.99773161413563","85.38654814621863","85.38654814621863","85.38654814621863"
"405.401016162","71.26096205609099","71.26096205609099","71.26096205609099","71.49838282538855","71.49838282538855","71.49838282538855","88.78587088651558","88.78587088651558","88.78587088651558","","","","","","","","",""
"420.398769342","","","","","","","","","","69.21181731353651","69.21181731353651","69.21181731353651","68.99773161413563","68.99773161413563","68.99773161413563","85.38654814621863","85.38654814621863","85.38654814621863"
"420.404452617","71.26096205609099","71.26096205609099","71.26096205609099","71.49838282538855","71.49838282538855","71.49838282538855","88.78587088651558","88.78587088651558","88.78587088651558","","","","","","","","",""
"435.404914547","71.26096205609099","71.26096205609099","71.26096205609099","71.49838282538855","71.49838282538855","71.49838282538855","88.78587088651558","88.78587088651558","88.78587088651558","","","","","","","","",""
"435.415793439","","","","","","","","","","69.21181731353651","69.21181731353651","69.21181731353651","68.99773161413563","68.99773161413563","68.99773161413563","85.38654814621863","85.38654814621863","85.38654814621863"
"450.403567098","","","","","","","","","","69.21181731353651","69.21181731353651","69.21181731353651","68.99773161413563","68.99773161413563","68.99773161413563","85.38654814621863","85.38654814621863","85.38654814621863"
"450.407579901","71.26096205609099","71.26096205609099","71.26096205609099","71.49838282538855","71.49838282538855","71.49838282538855","88.78587088651558","88.78587088651558","88.78587088651558","","","","","","","","",""
"465.399338975","","","","","","","","","","69.21181731353651","69.21181731353651","69.21181731353651","68.99773161413563","68.99773161413563","68.99773161413563","85.38654814621863","85.38654814621863","85.38654814621863"
"465.414454116","71.26096205609099","71.26096205609099","71.26096205609099","71.49838282538855","71.49838282538855","71.49838282538855","88.78587088651558","88.78587088651558","88.78587088651558","","","","","","","","",""
"480.3996871","71.26096205609099","71.26096205609099","71.26096205609099","71.49838282538855","71.49838282538855","71.49838282538855","88.78587088651558","88.78587088651558","88.78587088651558","","","","","","","","",""
"480.404589813","","","","","","","","","","69.21181731353651","69.21181731353651","69.21181731353651","68.99773161413563","68.99773161413563","68.99773161413563","85.38654814621863","85.38654814621863","85.38654814621863"
"495.405334462","","","","","","","","","","69.21181731353651","69.21181731353651","69.21181731353651","68.99773161413563","68.99773161413563","68.99773161413563","85.38654814621863","85.38654814621863","85.38654814621863"
"495.406490986","71.26096205609099","71.26096205609099","71.26096205609099","71.49838282538855","71.49838282538855","71.49838282538855","88.78587088651558","88.78587088651558","88.78587088651558","","","","","","","","",""
"510.402559296","71.26096205609099","71.26096205609099","71.26096205609099","71.49838282538855","71.49838282538855","71.49838282538855","88.78587088651558","88.78587088651558","88.78587088651558","","","","","","","","",""
"510.45077576","","","","","","","","","","69.21181731353651","69.21181731353651","69.21181731353651","68.99773161413563","68.99773161413563","68.99773161413563","59.433609012763746","59.433609012763746","59.433609012763746"
"525.40093711","","","","","","","","","","69.21181731353651","69.21181731353651","69.21181731353651","68.99773161413563","68.99773161413563","68.99773161413563","59.433609012763746","59.433609012763746","59.433609012763746"
"525.401168889","71.26096205609099","71.26096205609099","71.26096205609099","71.49838282538855","71.49838282538855","71.49838282538855","88.78587088651558","88.78587088651558","88.78587088651558","","","","","","","","",""
"540.388813026","71.26096205609099","71.26096205609099","71.26096205609099","71.49838282538855","71.49838282538855","71.49838282538855","59.62897238864288","59.62897238864288","59.62897238864288","","","","","","","","",""
"540.41258763","","","","","","","","","","69.21181731353651","69.21181731353651","69.21181731353651","68.99773161413563","68.99773161413563","68.99773161413563","59.44229182946948","59.44229182946948","59.44229182946948"
"555.394483011","","","","","","","","","","69.21181731353651","69.21181731353651","69.21181731353651","68.99773161413563","68.99773161413563","68.99773161413563","59.44229182946948","59.44229182946948","59.44229182946948"
"555.407451427","71.26096205609099","71.26096205609099","71.26096205609099","71.49838282538855","71.49838282538855","71.49838282538855","59.62897238864288","59.62897238864288","59.62897238864288","","","","","","","","",""
"570.403332224","","","","","","","","","","69.21181731353651","69.21181731353651","69.21181731353651","68.99773161413563","68.99773161413563","68.99773161413563","59.44229182946948","59.44229182946948","59.44229182946948"
"570.403514678","71.26096205609099","71.26096205609099","71.26096205609099","71.49838282538855","71.49838282538855","71.49838282538855","59.637655205348615","59.637655205348615","59.637655205348615","","","","","","","","",""
"585.397999285","","","","","","","","","","69.21181731353651","69.21181731353651","69.21181731353651","68.99773161413563","68.99773161413563","68.99773161413563","59.44229182946948","59.44229182946948","59.44229182946948"
"585.402144151","71.26096205609099","71.26096205609099","71.26096205609099","71.49838282538855","71.49838282538855","71.49838282538855","59.637655205348615","59.637655205348615","59.637655205348615","","","","","","","","",""
"600.399693352","","","","","","","","","","69.21181731353651","69.21181731353651","69.21181731353651","68.99773161413563","68.99773161413563","68.99773161413563","59.44229182946948","59.44229182946948","59.44229182946948"
"600.417426587","71.26096205609099","71.26096205609099","71.26096205609099","71.49838282538855","71.49838282538855","71.49838282538855","59.637655205348615","59.637655205348615","59.637655205348615","","","","","","","","",""
"615.407388619","","","","","","","","","","69.21181731353651","69.21181731353651","69.21181731353651","68.99773161413563","68.99773161413563","68.99773161413563","59.44229182946948","59.44229182946948","59.44229182946948"
"615.407792993","71.26096205609099","71.26096205609099","71.26096205609099","71.49838282538855","71.49838282538855","71.49838282538855","59.637655205348615","59.637655205348615","59.637655205348615","","","","","","","","",""
"630.405563901","71.26096205609099","71.26096205609099","71.26096205609099","71.49838282538855","71.49838282538855","71.49838282538855","59.637655205348615","59.637655205348615","59.637655205348615","","","","","","","","",""
"630.406154406","","","","","","","","","","69.21181731353651","69.21181731353651","69.21181731353651","68.99773161413563","68.99773161413563","68.99773161413563","59.44229182946948","59.44229182946948","59.44229182946948"
"645.402690723","","","","","","","","","","69.21181731353651","69.21181731353651","69.21181731353651","68.99773161413563","68.99773161413563","68.99773161413563","59.44229182946948","59.44229182946948","59.44229182946948"
"645.404899558","71.26096205609099","71.26096205609099","71.26096205609099","71.49838282538855","71.49838282538855","71.49838282538855","59.637655205348615","59.637655205348615","59.637655205348615","","","","","","","","",""
"660.397124595","71.26096205609099","71.26096205609099","71.26096205609099","71.49838282538855","71.49838282538855","71.49838282538855","59.637655205348615","59.637655205348615","59.637655205348615","","","","","","","","",""
"660.400061273","","","","","","","","","","69.21181731353651","69.21181731353651","69.21181731353651","68.99773161413563","68.99773161413563","68.99773161413563","59.44229182946948","59.44229182946948","59.44229182946948"
"675.39966338","","","","","","","","","","69.21181731353651","69.21181731353651","69.21181731353651","68.99773161413563","68.99773161413563","68.99773161413563","59.44229182946948","59.44229182946948","59.44229182946948"
"675.401613316","71.26096205609099","71.26096205609099","71.26096205609099","71.49838282538855","71.49838282538855","71.49838282538855","59.637655205348615","59.637655205348615","59.637655205348615","","","","","","","","",""
"690.404477188","","","","","","","","","","69.21181731353651","69.21181731353651","69.21181731353651","68.99773161413563","68.99773161413563","68.99773161413563","59.44229182946948","59.44229182946948","59.44229182946948"
"690.406121534","71.26096205609099","71.26096205609099","71.26096205609099","71.49838282538855","71.49838282538855","71.49838282538855","59.637655205348615","59.637655205348615","59.637655205348615","","","","","","","","",""
"705.401187042","","","","","","","","","","69.21181731353651","69.21181731353651","69.21181731353651","68.99773161413563","68.99773161413563","68.99773161413563","59.44229182946948","59.44229182946948","59.44229182946948"
"705.418768867","71.26096205609099","71.26096205609099","71.26096205609099","71.49838282538855","71.49838282538855","71.49838282538855","59.637655205348615","59.637655205348615","59.637655205348615","","","","","","","","",""
"720.399584282","","","","","","","","","","69.21181731353651","69.21181731353651","69.21181731353651","68.99773161413563","68.99773161413563","68.99773161413563","59.44229182946948","59.44229182946948","59.44229182946948"
"720.409644547","71.26096205609099","71.26096205609099","71.26096205609099","71.49838282538855","71.49838282538855","71.49838282538855","59.637655205348615","59.637655205348615","59.637655205348615","","","","","","","","",""
"735.398474463","","","","","","","","","","69.21181731353651","69.21181731353651","69.21181731353651","68.99773161413563","68.99773161413563","68.99773161413563","59.44229182946948","59.44229182946948","59.44229182946948"
"735.402869451","71.26096205609099","71.26096205609099","71.26096205609099","71.49838282538855","71.49838282538855","71.49838282538855","59.637655205348615","59.637655205348615","59.637655205348615","","","","","","","","",""
"750.406670938","","","","","","","","","","69.21181731353651","69.21181731353651","69.21181731353651","68.99773161413563","68.99773161413563","68.99773161413563","59.44229182946948","59.44229182946948","59.44229182946948"
"750.407084912","71.26096205609099","71.26096205609099","71.26096205609099","71.49838282538855","71.49838282538855","71.49838282538855","59.637655205348615","59.637655205348615","59.637655205348615","","","","","","","","",""
"765.402566417","","","","","","","","","","69.21181731353651","69.21181731353651","69.21181731353651","68.99773161413563","68.99773161413563","68.99773161413563","59.44229182946948","59.44229182946948","59.44229182946948"
"765.40394613","71.26096205609099","71.26096205609099","71.26096205609099","71.49838282538855","71.49838282538855","71.49838282538855","59.637655205348615","59.637655205348615","59.637655205348615","","","","","","","","",""
"780.397191595","","","","","","","","","","69.21181731353651","69.21181731353651","69.21181731353651","68.99773161413563","68.99773161413563","68.99773161413563","59.44229182946948","59.44229182946948","59.44229182946948"
"780.399615354","71.26096205609099","71.26096205609099","71.26096205609099","71.49838282538855","71.49838282538855","71.49838282538855","59.637655205348615","59.637655205348615","59.637655205348615","","","","","","","","",""
"795.396737677","","","","","","","","","","69.21181731353651","69.21181731353651","69.21181731353651","68.99773161413563","68.99773161413563","68.99773161413563","59.44229182946948","59.44229182946948","59.44229182946948"
"795.397773477","71.26096205609099","71.26096205609099","71.26096205609099","71.49838282538855","71.49838282538855","71.49838282538855","59.637655205348615","59.637655205348615","59.637655205348615","","","","","","","","",""
"810.388137318","","","","","","","","","","69.21181731353651","69.21181731353651","69.21181731353651","68.99773161413563","68.99773161413563","68.99773161413563","59.44229182946948","59.44229182946948","59.44229182946948"
"810.407667636","71.26096205609099","71.26096205609099","71.26096205609099","71.49838282538855","71.49838282538855","71.49838282538855","59.637655205348615","59.637655205348615","59.637655205348615","","","","","","","","",""
"825.402056915","","","","","","","","","","69.21181731353651","69.21181731353651","69.21181731353651","68.99773161413563","68.99773161413563","68.99773161413563","59.44229182946948","59.44229182946948","59.44229182946948"
"825.40701884","71.26096205609099","71.26096205609099","71.26096205609099","71.49838282538855","71.49838282538855","71.49838282538855","59.637655205348615","59.637655205348615","59.637655205348615","","","","","","","","",""
"840.399429073","","","","","","","","","","69.21181731353651","69.21181731353651","69.21181731353651","68.99773161413563","68.99773161413563","68.99773161413563","59.44229182946948","59.44229182946948","59.44229182946948"
"840.40251412","71.26096205609099","71.26096205609099","71.26096205609099","71.49838282538855","71.49838282538855","71.49838282538855","59.637655205348615","59.637655205348615","59.637655205348615","","","","","","","","",""
"855.401245475","","","","","","","","","","69.21181731353651","69.21181731353651","69.21181731353651","68.99773161413563","68.99773161413563","68.99773161413563","59.44229182946948","59.44229182946948","59.44229182946948"
"855.402529101","71.26096205609099","71.26096205609099","71.26096205609099","71.49838282538855","71.49838282538855","71.49838282538855","59.637655205348615","59.637655205348615","59.637655205348615","","","","","","","","",""
"870.399865058","71.26096205609099","71.26096205609099","71.26096205609099","71.49838282538855","71.49838282538855","71.49838282538855","59.637655205348615","59.637655205348615","59.637655205348615","","","","","","","","",""
"870.403712769","","","","","","","","","","69.21181731353651","69.21181731353651","69.21181731353651","68.99773161413563","68.99773161413563","68.99773161413563","59.44229182946948","59.44229182946948","59.44229182946948"
"885.399255208","","","","","","","","","","69.21181731353651","69.21181731353651","69.21181731353651","80.5675848745333","80.5675848745333","80.5675848745333","59.44229182946948","59.44229182946948","59.44229182946948"
"885.401548404","71.26096205609099","71.26096205609099","71.26096205609099","71.49838282538855","71.49838282538855","71.49838282538855","59.637655205348615","59.637655205348615","59.637655205348615","","","","","","","","",""
"900.401167129","71.26096205609099","71.26096205609099","71.26096205609099","71.49838282538855","71.49838282538855","71.49838282538855","59.637655205348615","59.637655205348615","59.637655205348615","","","","","","","","",""
"900.402656396","","","","","","","","","","69.21181731353651","69.21181731353651","69.21181731353651","80.5675848745333","80.5675848745333","80.5675848745333","59.44229182946948","59.44229182946948","59.44229182946948"
"915.40099764","","","","","","","","","","69.21181731353651","69.21181731353651","69.21181731353651","80.5675848745333","80.5675848745333","80.5675848745333","59.44229182946948","59.44229182946948","59.44229182946948"
"915.402493475","71.26096205609099","71.26096205609099","71.26096205609099","71.49838282538855","71.49838282538855","71.49838282538855","59.637655205348615","59.637655205348615","59.637655205348615","","","","","","","","",""
"930.397055164","71.26096205609099","71.26096205609099","71.26096205609099","71.49838282538855","71.49838282538855","71.49838282538855","59.637655205348615","59.637655205348615","59.637655205348615","","","","","","","","",""
"930.398658588","","","","","","","","","","69.21181731353651","69.21181731353651","69.21181731353651","80.5675848745333","80.5675848745333","80.5675848745333","59.44229182946948","59.44229182946948","59.44229182946948"
"945.403247726","","","","","","","","","","69.21181731353651","69.21181731353651","69.21181731353651","80.5675848745333","80.5675848745333","80.5675848745333","59.44229182946948","59.44229182946948","59.44229182946948"
"945.406608919","71.26096205609099","71.26096205609099","71.26096205609099","83.35042762872276","83.35042762872276","83.35042762872276","59.637655205348615","59.637655205348615","59.637655205348615","","","","","","","","",""
"960.388788777","","","","","","","","","","69.21181731353651","69.21181731353651","69.21181731353651","80.5675848745333","80.5675848745333","80.5675848745333","59.44229182946948","59.44229182946948","59.44229182946948"
"960.406073457","71.26096205609099","71.26096205609099","71.26096205609099","83.35042762872276","83.35042762872276","83.35042762872276","59.637655205348615","59.637655205348615","59.637655205348615","","","","","","","","",""
"975.399283756","","","","","","","","","","69.21181731353651","69.21181731353651","69.21181731353651","80.5675848745333","80.5675848745333","80.5675848745333","59.44229182946948","59.44229182946948","59.44229182946948"
"975.467682286","71.26096205609099","71.26096205609099","71.26096205609099","83.35042762872276","83.35042762872276","83.35042762872276","59.637655205348615","59.637655205348615","59.637655205348615","","","","","","","","",""
"990.399838437","","","","","","","","","","69.21181731353651","69.21181731353651","69.21181731353651","80.5675848745333","80.5675848745333","80.5675848745333","59.44229182946948","59.44229182946948","59.44229182946948"
"990.411604708","71.26096205609099","71.26096205609099","71.26096205609099","83.35042762872276","83.35042762872276","83.35042762872276","59.637655205348615","59.637655205348615","59.637655205348615","","","","","","","","",""
"1005.386626296","","","","","","","","","","69.21181731353651","69.21181731353651","69.21181731353651","80.5675848745333","80.5675848745333","80.5675848745333","59.44229182946948","59.44229182946948","59.44229182946948"
"1005.406325901","71.26096205609099","71.26096205609099","71.26096205609099","83.35042762872276","83.35042762872276","83.35042762872276","59.637655205348615","59.637655205348615","59.637655205348615","","","","","","","","",""
"1020.402173423","71.26096205609099","71.26096205609099","71.26096205609099","83.35042762872276","83.35042762872276","83.35042762872276","59.637655205348615","59.637655205348615","59.637655205348615","","","","","","","","",""
"1020.404276167","","","","","","","","","","69.21181731353651","69.21181731353651","69.21181731353651","80.5675848745333","80.5675848745333","80.5675848745333","59.44229182946948","59.44229182946948","59.44229182946948"
"1035.403077774","71.26096205609099","71.26096205609099","71.26096205609099","83.35042762872276","83.35042762872276","83.35042762872276","59.637655205348615","59.637655205348615","59.637655205348615","","","","","","","","",""
"1035.403482906","","","","","","","","","","69.21181731353651","69.21181731353651","69.21181731353651","80.5675848745333","80.5675848745333","80.5675848745333","59.44229182946948","59.44229182946948","59.44229182946948"
"1050.40056836","71.26096205609099","71.26096205609099","71.26096205609099","83.35042762872276","83.35042762872276","83.35042762872276","59.637655205348615","59.637655205348615","59.637655205348615","","","","","","","","",""
"1050.401155359","","","","","","","","","","69.21181731353651","69.21181731353651","69.21181731353651","80.5675848745333","80.5675848745333","80.5675848745333","59.44229182946948","59.44229182946948","59.44229182946948"
"1065.398563501","","","","","","","","","","69.21181731353651","69.21181731353651","69.21181731353651","80.5675848745333","80.5675848745333","80.5675848745333","59.44229182946948","59.44229182946948","59.44229182946948"
"1065.401478937","71.26096205609099","71.26096205609099","71.26096205609099","83.35042762872276","83.35042762872276","83.35042762872276","59.637655205348615","59.637655205348615","59.637655205348615","","","","","","","","",""
"1080.397849055","","","","","","","","","","69.21181731353651","69.21181731353651","69.21181731353651","80.5675848745333","80.5675848745333","80.5675848745333","59.44229182946948","59.44229182946948","59.44229182946948"
"1080.403693061","71.26096205609099","71.26096205609099","71.26096205609099","83.35042762872276","83.35042762872276","83.35042762872276","59.637655205348615","59.637655205348615","59.637655205348615","","","","","","","","",""
"1095.400563209","","","","","","","","","","69.21181731353651","69.21181731353651","69.21181731353651","80.5675848745333","80.5675848745333","80.5675848745333","59.44229182946948","59.44229182946948","59.44229182946948"
"1095.406738443","71.26096205609099","71.26096205609099","71.26096205609099","83.35042762872276","83.35042762872276","83.35042762872276","59.637655205348615","59.637655205348615","59.637655205348615","","","","","","","","",""
"1110.403426284","","","","","","","","","","69.21181731353651","69.21181731353651","69.21181731353651","80.5675848745333","80.5675848745333","80.5675848745333","59.44229182946948","59.44229182946948","59.44229182946948"
"1110.417544425","71.26096205609099","71.26096205609099","71.26096205609099","83.35042762872276","83.35042762872276","83.35042762872276","59.637655205348615","59.637655205348615","59.637655205348615","","","","","","","","",""
"1125.405892026","","","","","","","","","","69.21181731353651","69.21181731353651","69.21181731353651","80.5675848745333","80.5675848745333","80.5675848745333","59.44229182946948","59.44229182946948","59.44229182946948"
"1125.409582509","71.26096205609099","71.26096205609099","71.26096205609099","83.35042762872276","83.35042762872276","83.35042762872276","59.637655205348615","59.637655205348615","59.637655205348615","","","","","","","","",""
"1140.397913911","","","","","","","","","","69.21181731353651","69.21181731353651","69.21181731353651","80.5675848745333","80.5675848745333","80.5675848745333","59.44229182946948","59.44229182946948","59.44229182946948"
"1140.437794875","71.26096205609099","71.26096205609099","71.26096205609099","83.35042762872276","83.35042762872276","83.35042762872276","59.637655205348615","59.637655205348615","59.637655205348615","","","","","","","","",""
"1155.401496493","","","","","","","","","","69.21181731353651","69.21181731353651","69.21181731353651","80.5675848745333","80.5675848745333","80.5675848745333","59.44229182946948","59.44229182946948","59.44229182946948"
"1155.404625955","71.26096205609099","71.26096205609099","71.26096205609099","83.35042762872276","83.35042762872276","83.35042762872276","59.637655205348615","59.637655205348615","59.637655205348615","","","","","","","","",""
"1170.398818012","71.26096205609099","71.26096205609099","71.26096205609099","83.35042762872276","83.35042762872276","83.35042762872276","59.637655205348615","59.637655205348615","59.637655205348615","","","","","","","","",""
"1170.399276834","","","","","","","","","","69.21181731353651","69.21181731353651","69.21181731353651","80.5675848745333","80.5675848745333","80.5675848745333","59.44229182946948","59.44229182946948","59.44229182946948"
"1185.400133248","","","","","","","","","","69.21181731353651","69.21181731353651","69.21181731353651","80.5675848745333","80.5675848745333","80.5675848745333","59.44229182946948","59.44229182946948","59.44229182946948"
"1185.404614346","71.26096205609099","71.26096205609099","71.26096205609099","83.35042762872276","83.35042762872276","83.35042762872276","59.637655205348615","59.637655205348615","59.637655205348615","","","","","","","","",""
"1200.399464339","","","","","","","","","","69.21181731353651","69.21181731353651","69.21181731353651","80.5675848745333","80.5675848745333","80.5675848745333","59.44229182946948","59.44229182946948","59.44229182946948"
"1200.4072792","71.26096205609099","71.26096205609099","71.26096205609099","83.35042762872276","83.35042762872276","83.35042762872276","59.637655205348615","59.637655205348615","59.637655205348615","","","","","","","","",""
"1215.404469425","71.26096205609099","71.26096205609099","71.26096205609099","83.35042762872276","83.35042762872276","83.35042762872276","59.637655205348615","59.637655205348615","59.637655205348615","","","","","","","","",""
"1215.404726363","","","","","","","","","","69.21181731353651","69.21181731353651","69.21181731353651","80.5675848745333","80.5675848745333","80.5675848745333","59.44229182946948","59.44229182946948","59.44229182946948"
"1230.400102686","71.26096205609099","71.26096205609099","71.26096205609099","83.35042762872276","83.35042762872276","83.35042762872276","59.637655205348615","59.637655205348615","59.637655205348615","","","","","","","","",""
"1230.400408024","","","","","","","","","","69.21181731353651","69.21181731353651","69.21181731353651","80.5675848745333","80.5675848745333","80.5675848745333","59.44229182946948","59.44229182946948","59.44229182946948"
"1245.402636423","","","","","","","","","","69.21181731353651","69.21181731353651","69.21181731353651","80.5675848745333","80.5675848745333","80.5675848745333","59.44229182946948","59.44229182946948","59.44229182946948"
"1245.417130386","71.26096205609099","71.26096205609099","71.26096205609099","83.35042762872276","83.35042762872276","83.35042762872276","59.637655205348615","59.637655205348615","59.637655205348615","","","","","","","","",""
"1260.398201","","","","","","","","","","69.21181731353651","69.21181731353651","69.21181731353651","80.5675848745333","80.5675848745333","80.5675848745333","59.44229182946948","59.44229182946948","59.44229182946948"
"1260.412098551","71.26096205609099","71.26096205609099","71.26096205609099","83.35042762872276","83.35042762872276","83.35042762872276","59.637655205348615","59.637655205348615","59.637655205348615","","","","","","","","",""
"1275.403277627","71.26096205609099","71.26096205609099","71.26096205609099","83.35042762872276","83.35042762872276","83.35042762872276","59.637655205348615","59.637655205348615","59.637655205348615","","","","","","","","",""
"1275.404455566","","","","","","","","","","69.21181731353651","69.21181731353651","69.21181731353651","80.5675848745333","80.5675848745333","80.5675848745333","59.44229182946948","59.44229182946948","59.44229182946948"
"1290.400863335","","","","","","","","","","69.21181731353651","69.21181731353651","69.21181731353651","80.5675848745333","80.5675848745333","80.5675848745333","59.44229182946948","59.44229182946948","59.44229182946948"
"1290.417240168","71.26096205609099","71.26096205609099","71.26096205609099","83.35042762872276","83.35042762872276","83.35042762872276","59.637655205348615","59.637655205348615","59.637655205348615","","","","","","","","",""
"1305.390987341","","","","","","","","","","69.21181731353651","69.21181731353651","69.21181731353651","80.5675848745333","80.5675848745333","80.5675848745333","59.44229182946948","59.44229182946948","59.44229182946948"
"1305.407139719","71.26096205609099","71.26096205609099","71.26096205609099","83.35042762872276","83.35042762872276","83.35042762872276","59.637655205348615","59.637655205348615","59.637655205348615","","","","","","","","",""
"1320.389971417","","","","","","","","","","75.75866110966398","75.75866110966398","75.75866110966398","87.11877007901363","87.11877007901363","87.11877007901363","65.99347703394982","65.99347703394982","65.99347703394982"
"1320.409350463","71.26096205609099","71.26096205609099","71.26096205609099","83.35042762872276","83.35042762872276","83.35042762872276","59.637655205348615","59.637655205348615","59.637655205348615","","","","","","","","",""
"1335.38860635","","","","","","","","","","75.75866110966398","75.75866110966398","75.75866110966398","87.11877007901363","87.11877007901363","87.11877007901363","65.99347703394982","65.99347703394982","65.99347703394982"
"1335.404331026","71.26096205609099","71.26096205609099","71.26096205609099","83.35042762872276","83.35042762872276","83.35042762872276","59.637655205348615","59.637655205348615","59.637655205348615","","","","","","","","",""
"1350.391190026","","","","","","","","","","75.75866110966398","75.75866110966398","75.75866110966398","87.11877007901363","87.11877007901363","87.11877007901363","65.99347703394982","65.99347703394982","65.99347703394982"
"1350.407226255","71.26096205609099","71.26096205609099","71.26096205609099","83.35042762872276","83.35042762872276","83.35042762872276","59.637655205348615","59.637655205348615","59.637655205348615","","","","","","","","",""
"1365.395241488","","","","","","","","","","75.75866110966398","75.75866110966398","75.75866110966398","87.11877007901363","87.11877007901363","87.11877007901363","65.99347703394982","65.99347703394982","65.99347703394982"
"1365.40183211","71.26096205609099","71.26096205609099","71.26096205609099","83.35042762872276","83.35042762872276","83.35042762872276","59.637655205348615","59.637655205348615","59.637655205348615","","","","","","","","",""
"1380.390884273","","","","","","","","","","75.75866110966398","75.75866110966398","75.75866110966398","87.11877007901363","87.11877007901363","87.11877007901363","65.99347703394982","65.99347703394982","65.99347703394982"
"1380.393173599","71.26096205609099","71.26096205609099","71.26096205609099","83.35042762872276","83.35042762872276","83.35042762872276","59.637655205348615","59.637655205348615","59.637655205348615","","","","","","","","",""
"1395.386586954","","","","","","","","","","75.75866110966398","75.75866110966398","75.75866110966398","87.11877007901363","87.11877007901363","87.11877007901363","65.99347703394982","65.99347703394982","65.99347703394982"
"1395.408254657","71.26096205609099","71.26096205609099","71.26096205609099","83.35042762872276","83.35042762872276","83.35042762872276","59.637655205348615","59.637655205348615","59.637655205348615","","","","","","","","",""
"1410.401236377","77.80780585221846","77.80780585221846","77.80780585221846","89.90161283320309","89.90161283320309","89.90161283320309","66.6403468785274","66.6403468785274","66.6403468785274","","","","","","","","",""
"1410.404414142","","","","","","","","","","75.75866110966398","75.75866110966398","75.75866110966398","87.11877007901363","87.11877007901363","87.11877007901363","65.99347703394982","65.99347703394982","65.99347703394982"
"1425.397225809","","","","","","","","","","75.75866110966398","75.75866110966398","75.75866110966398","87.11877007901363","87.11877007901363","87.11877007901363","65.99347703394982","65.99347703394982","65.99347703394982"
"1425.399106998","77.80780585221846","77.80780585221846","77.80780585221846","89.90161283320309","89.90161283320309","89.90161283320309","66.6403468785274","66.6403468785274","66.6403468785274","","","","","","","","",""
"1440.399237058","","","","","","","","","","75.75866110966398","75.75866110966398","75.75866110966398","87.11877007901363","87.11877007901363","87.11877007901363","65.99347703394982","65.99347703394982","65.99347703394982"
"1440.415129607","77.80780585221846","77.80780585221846","77.80780585221846","89.90161283320309","89.90161283320309","89.90161283320309","66.6403468785274","66.6403468785274","66.6403468785274","","","","","","","","",""
"1455.388765757","77.80780585221846","77.80780585221846","77.80780585221846","89.90161283320309","89.90161283320309","89.90161283320309","66.6403468785274","66.6403468785274","66.6403468785274","","","","","","","","",""
"1455.393730752","","","","","","","","","","75.75866110966398","75.75866110966398","75.75866110966398","87.11877007901363","87.11877007901363","87.11877007901363","65.99347703394982","65.99347703394982","65.99347703394982"
"1470.404546629","","","","","","","","","","75.75866110966398","75.75866110966398","75.75866110966398","87.11877007901363","87.11877007901363","87.11877007901363","65.99347703394982","65.99347703394982","65.99347703394982"
"1470.406904291","77.80780585221846","77.80780585221846","77.80780585221846","89.90161283320309","89.90161283320309","89.90161283320309","66.6403468785274","66.6403468785274","66.6403468785274","","","","","","","","",""
"1485.39873416","","","","","","","","","","75.75866110966398","75.75866110966398","75.75866110966398","87.11877007901363","87.11877007901363","87.11877007901363","65.99347703394982","65.99347703394982","65.99347703394982"
"1485.411954924","77.80780585221846","77.80780585221846","77.80780585221846","89.90161283320309","89.90161283320309","89.90161283320309","66.6403468785274","66.6403468785274","66.6403468785274","","","","","","","","",""
"1500.404089211","77.80780585221846","77.80780585221846","77.80780585221846","89.90161283320309","89.90161283320309","89.90161283320309","66.6403468785274","66.6403468785274","66.6403468785274","","","","","","","","",""
"1500.404241358","","","","","","","","","","75.75866110966398","75.75866110966398","75.75866110966398","87.11877007901363","87.11877007901363","87.11877007901363","65.99347703394982","65.99347703394982","65.99347703394982"
"1515.399227353","77.80780585221846","77.80780585221846","77.80780585221846","89.90161283320309","89.90161283320309","89.90161283320309","66.6403468785274","66.6403468785274","66.6403468785274","","","","","","","","",""
"1515.399253602","","","","","","","","","","75.75866110966398","75.75866110966398","75.75866110966398","87.11877007901363","87.11877007901363","87.11877007901363","65.99347703394982","65.99347703394982","65.99347703394982"
"1530.402197587","","","","","","","","","","75.75866110966398","75.75866110966398","75.75866110966398","87.11877007901363","87.11877007901363","87.11877007901363","65.99347703394982","65.99347703394982","65.99347703394982"
"1530.402796862","77.80780585221846","77.80780585221846","77.80780585221846","89.90161283320309","89.90161283320309","89.90161283320309","66.6403468785274","66.6403468785274","66.6403468785274","","","","","","","","",""
"1545.4000888","77.80780585221846","77.80780585221846","77.80780585221846","89.90161283320309","89.90161283320309","89.90161283320309","66.6403468785274","66.6403468785274","66.6403468785274","","","","","","","","",""
"1545.406574441","","","","","","","","","","75.75866110966398","75.75866110966398","75.75866110966398","87.11877007901363","87.11877007901363","87.11877007901363","65.99347703394982","65.99347703394982","65.99347703394982"
"1560.401661031","77.80780585221846","77.80780585221846","77.80780585221846","89.90161283320309","89.90161283320309","89.90161283320309","66.6403468785274","66.6403468785274","66.6403468785274","","","","","","","","",""
"1560.405566604","","","","","","","","","","75.75866110966398","75.75866110966398","75.75866110966398","87.11877007901363","87.11877007901363","87.11877007901363","65.99347703394982","65.99347703394982","65.99347703394982"
"1575.411128698","","","","","","","","","","75.75866110966398","75.75866110966398","75.75866110966398","87.11877007901363","87.11877007901363","87.11877007901363","65.99347703394982","65.99347703394982","65.99347703394982"
"1575.413115598","77.80780585221846","77.80780585221846","77.80780585221846","89.90161283320309","89.90161283320309","89.90161283320309","66.6403468785274","66.6403468785274","66.6403468785274","","","","","","","","",""
"1590.399741065","","","","","","","","","","75.75866110966398","75.75866110966398","75.75866110966398","87.11877007901363","87.11877007901363","87.11877007901363","65.99347703394982","65.99347703394982","65.99347703394982"
"1590.408809423","77.80780585221846","77.80780585221846","77.80780585221846","89.90161283320309","89.90161283320309","89.90161283320309","66.6403468785274","66.6403468785274","66.6403468785274","","","","","","","","",""
"1605.395404261","","","","","","","","","","75.75866110966398","75.75866110966398","75.75866110966398","87.11877007901363","87.11877007901363","87.11877007901363","65.99347703394982","65.99347703394982","65.99347703394982"
"1605.404069101","77.80780585221846","77.80780585221846","77.80780585221846","89.90161283320309","89.90161283320309","89.90161283320309","66.6403468785274","66.6403468785274","66.6403468785274","","","","","","","","",""
"1620.400583575","77.80780585221846","77.80780585221846","77.80780585221846","89.90161283320309","89.90161283320309","89.90161283320309","66.6403468785274","66.6403468785274","66.6403468785274","","","","","","","","",""
"1620.402870842","","","","","","","","","","75.75866110966398","75.75866110966398","75.75866110966398","87.11877007901363","87.11877007901363","87.11877007901363","65.99347703394982","65.99347703394982","65.99347703394982"
"1635.405141675","77.80780585221846","77.80780585221846","77.80780585221846","89.90161283320309","89.90161283320309","89.90161283320309","66.6403468785274","66.6403468785274","66.6403468785274","","","","","","","","",""
"1635.415133","","","","","","","","","","75.75866110966398","75.75866110966398","75.75866110966398","87.11877007901363","87.11877007901363","87.11877007901363","65.99347703394982","65.99347703394982","65.99347703394982"
"1650.402601323","","","","","","","","","","75.75866110966398","75.75866110966398","75.75866110966398","87.11877007901363","87.11877007901363","87.11877007901363","65.99347703394982","65.99347703394982","65.99347703394982"
"1650.405589853","77.80780585221846","77.80780585221846","77.80780585221846","89.90161283320309","89.90161283320309","89.90161283320309","66.6403468785274","66.6403468785274","66.6403468785274","","","","","","","","",""
"1665.408567432","","","","","","","","","","75.75866110966398","75.75866110966398","75.75866110966398","87.11877007901363","87.11877007901363","87.11877007901363","65.99347703394982","65.99347703394982","65.99347703394982"
"1665.411453844","77.80780585221846","77.80780585221846","77.80780585221846","89.90161283320309","89.90161283320309","89.90161283320309","66.6403468785274","66.6403468785274","66.6403468785274","","","","","","","","",""
"1680.390043835","77.80780585221846","77.80780585221846","77.80780585221846","89.90161283320309","89.90161283320309","89.90161283320309","66.6403468785274","66.6403468785274","66.6403468785274","","","","","","","","",""
"1680.404655868","","","","","","","","","","75.75866110966398","75.75866110966398","75.75866110966398","87.11877007901363","87.11877007901363","87.11877007901363","65.99347703394982","65.99347703394982","65.99347703394982"
"1695.402435305","","","","","","","","","","75.75866110966398","75.75866110966398","75.75866110966398","87.11877007901363","87.11877007901363","87.11877007901363","65.99347703394982","65.99347703394982","65.99347703394982"
"1695.405620857","77.80780585221846","77.80780585221846","77.80780585221846","89.90161283320309","89.90161283320309","89.90161283320309","66.6403468785274","66.6403468785274","66.6403468785274","","","","","","","","",""
"1710.405274577","77.80780585221846","77.80780585221846","77.80780585221846","89.90161283320309","89.90161283320309","89.90161283320309","66.6403468785274","66.6403468785274","66.6403468785274","","","","","","","","",""
"1710.41085257","","","","","","","","","","75.75866110966398","75.75866110966398","75.75866110966398","87.11877007901363","87.11877007901363","87.11877007901363","65.99347703394982","65.99347703394982","65.99347703394982"
"1725.390455924","","","","","","","","","","75.75866110966398","75.75866110966398","75.75866110966398","87.11877007901363","87.11877007901363","87.11877007901363","65.99347703394982","65.99347703394982","65.99347703394982"
"1725.404818402","77.80780585221846","77.80780585221846","77.80780585221846","89.90161283320309","89.90161283320309","89.90161283320309","66.6403468785274","66.6403468785274","66.6403468785274","","","","","","","","",""
"1740.405367991","","","","","","","","","","75.75866110966398","75.75866110966398","75.75866110966398","87.11877007901363","87.11877007901363","87.11877007901363","65.99347703394982","65.99347703394982","65.99347703394982"
"1740.406044928","77.80780585221846","77.80780585221846","77.80780585221846","89.90161283320309","89.90161283320309","89.90161283320309","66.6403468785274","66.6403468785274","66.6403468785274","","","","","","","","",""
"1755.404623639","77.80780585221846","77.80780585221846","77.80780585221846","89.90161283320309","89.90161283320309","89.90161283320309","66.6403468785274","66.6403468785274","66.6403468785274","","","","","","","","",""
"1755.407123782","","","","","","","","","","75.75866110966398","75.75866110966398","75.75866110966398","87.11877007901363","87.11877007901363","87.11877007901363","65.99347703394982","65.99347703394982","65.99347703394982"
"1770.397642603","","","","","","","","","","75.75866110966398","75.75866110966398","75.75866110966398","87.11877007901363","87.11877007901363","87.11877007901363","65.99347703394982","65.99347703394982","65.99347703394982"
"1770.407297464","77.80780585221846","77.80780585221846","77.80780585221846","89.90161283320309","89.90161283320309","89.90161283320309","66.6403468785274","66.6403468785274","66.6403468785274","","","","","","","","",""
"1785.392265195","","","","","","","","","","75.75866110966398","75.75866110966398","75.75866110966398","87.11877007901363","87.11877007901363","87.11877007901363","65.99347703394982","65.99347703394982","65.99347703394982"
"1785.409187368","77.80780585221846","77.80780585221846","77.80780585221846","89.90161283320309","89.90161283320309","89.90161283320309","66.6403468785274","66.6403468785274","66.6403468785274","","","","","","","","",""
"1800.404111825","77.80780585221846","77.80780585221846","77.80780585221846","89.90161283320309","89.90161283320309","89.90161283320309","66.6403468785274","66.6403468785274","66.6403468785274","","","","","","","","",""
"1800.404798331","","","","","","","","","","75.75866110966398","75.75866110966398","75.75866110966398","87.11877007901363","87.11877007901363","87.11877007901363","65.99347703394982","65.99347703394982","65.99347703394982"
"1815.399181502","","","","","","","","","","75.75866110966398","75.75866110966398","75.75866110966398","87.11877007901363","87.11877007901363","87.11877007901363","65.99347703394982","65.99347703394982","65.99347703394982"
"1815.403218657","77.80780585221846","77.80780585221846","77.80780585221846","89.90161283320309","89.90161283320309","89.90161283320309","66.6403468785274","66.6403468785274","66.6403468785274","","","","","","","","",""
"1830.397703429","","","","","","","","","","75.75866110966398","75.75866110966398","75.75866110966398","87.11877007901363","87.11877007901363","87.11877007901363","65.99347703394982","65.99347703394982","65.99347703394982"
"1830.409997732","77.80780585221846","77.80780585221846","77.80780585221846","89.90161283320309","89.90161283320309","89.90161283320309","66.6403468785274","66.6403468785274","66.6403468785274","","","","","","","","",""
"1845.398103189","","","","","","","","","","75.75866110966398","75.75866110966398","75.75866110966398","87.11877007901363","87.11877007901363","87.11877007901363","65.99347703394982","65.99347703394982","65.99347703394982"
"1845.403931036","77.80780585221846","77.80780585221846","77.80780585221846","89.90161283320309","89.90161283320309","89.90161283320309","66.6403468785274","66.6403468785274","66.6403468785274","","","","","","","","",""
"1860.398564995","77.80780585221846","77.80780585221846","77.80780585221846","89.90161283320309","89.90161283320309","89.90161283320309","66.6403468785274","66.6403468785274","66.6403468785274","","","","","","","","",""
"1860.400560242","","","","","","","","","","75.75866110966398","75.75866110966398","75.75866110966398","87.11877007901363","87.11877007901363","87.11877007901363","65.99347703394982","65.99347703394982","65.99347703394982"
"1875.396585879","77.80780585221846","77.80780585221846","77.80780585221846","89.90161283320309","89.90161283320309","89.90161283320309","66.6403468785274","66.6403468785274","66.6403468785274","","","","","","","","",""
"1875.405318265","","","","","","","","","","75.75866110966398","75.75866110966398","75.75866110966398","87.11877007901363","87.11877007901363","87.11877007901363","65.99347703394982","65.99347703394982","65.99347703394982"
"1890.400888966","","","","","","","","","","75.75866110966398","75.75866110966398","75.75866110966398","87.11877007901363","87.11877007901363","87.11877007901363","65.99347703394982","65.99347703394982","65.99347703394982"
"1890.40863939","77.80780585221846","77.80780585221846","77.80780585221846","89.90161283320309","89.90161283320309","89.90161283320309","66.6403468785274","66.6403468785274","66.6403468785274","","","","","","","","",""
"1905.405116097","77.80780585221846","77.80780585221846","77.80780585221846","89.90161283320309","89.90161283320309","89.90161283320309","66.6403468785274","66.6403468785274","66.6403468785274","","","","","","","","",""
"1905.40800705","","","","","","","","","","75.75866110966398","75.75866110966398","75.75866110966398","87.11877007901363","87.11877007901363","87.11877007901363","65.99347703394982","65.99347703394982","65.99347703394982"
"1920.404355841","","","","","","","","","","75.75866110966398","75.75866110966398","75.75866110966398","87.11877007901363","87.11877007901363","87.11877007901363","65.99347703394982","65.99347703394982","65.99347703394982"
"1920.407382726","77.80780585221846","77.80780585221846","77.80780585221846","89.90161283320309","89.90161283320309","89.90161283320309","66.6403468785274","66.6403468785274","66.6403468785274","","","","","","","","",""
"1935.404960514","77.80780585221846","77.80780585221846","77.80780585221846","89.90161283320309","89.90161283320309","89.90161283320309","66.6403468785274","66.6403468785274","66.6403468785274","","","","","","","","",""
"1935.405477553","","","","","","","","","","75.75866110966398","75.75866110966398","75.75866110966398","87.11877007901363","87.11877007901363","87.11877007901363","65.99347703394982","65.99347703394982","65.99347703394982"
"1950.39790207","","","","","","","","","","75.75866110966398","75.75866110966398","75.75866110966398","87.11877007901363","87.11877007901363","87.11877007901363","65.99347703394982","65.99347703394982","65.99347703394982"
"1950.404969849","77.80780585221846","77.80780585221846","77.80780585221846","89.90161283320309","89.90161283320309","89.90161283320309","66.6403468785274","66.6403468785274","66.6403468785274","","","","","","","","",""
"1965.399631004","","","","","","","","","","75.75866110966398","75.75866110966398","75.75866110966398","87.11877007901363","87.11877007901363","87.11877007901363","65.99347703394982","65.99347703394982","65.99347703394982"
"1965.405663695","77.80780585221846","77.80780585221846","77.80780585221846","89.90161283320309","89.90161283320309","89.90161283320309","66.6403468785274","66.6403468785274","66.6403468785274","","","","","","","","",""
"1980.404975908","77.80780585221846","77.80780585221846","77.80780585221846","89.90161283320309","89.90161283320309","89.90161283320309","66.6403468785274","66.6403468785274","66.6403468785274","","","","","","","","",""
"1980.406796589","","","","","","","","","","75.75866110966398","75.75866110966398","75.75866110966398","87.11877007901363","87.11877007901363","87.11877007901363","65.99347703394982","65.99347703394982","65.99347703394982"
"1995.405452837","","","","","","","","","","75.75866110966398","75.75866110966398","75.75866110966398","87.11877007901363","87.11877007901363","87.11877007901363","65.99347703394982","65.99347703394982","65.99347703394982"
"1995.412219561","77.80780585221846","77.80780585221846","77.80780585221846","89.90161283320309","89.90161283320309","89.90161283320309","66.6403468785274","66.6403468785274","66.6403468785274","","","","","","","","",""
"2010.397904065","","","","","","","","","","75.75866110966398","75.75866110966398","75.75866110966398","87.11877007901363","87.11877007901363","87.11877007901363","65.99347703394982","65.99347703394982","65.99347703394982"
"2010.408134272","77.80780585221846","77.80780585221846","77.80780585221846","89.90161283320309","89.90161283320309","89.90161283320309","66.6403468785274","66.6403468785274","66.6403468785274","","","","","","","","",""
"2025.399555436","","","","","","","","","","75.75866110966398","75.75866110966398","75.75866110966398","87.11877007901363","87.11877007901363","87.11877007901363","65.99347703394982","65.99347703394982","65.99347703394982"
"2025.407366067","77.80780585221846","77.80780585221846","77.80780585221846","89.90161283320309","89.90161283320309","89.90161283320309","66.6403468785274","66.6403468785274","66.6403468785274","","","","","","","","",""
"2040.401866454","","","","","","","","","","75.75866110966398","75.75866110966398","75.75866110966398","87.11877007901363","87.11877007901363","87.11877007901363","65.99347703394982","65.99347703394982","65.99347703394982"
"2040.40707315","77.80780585221846","77.80780585221846","77.80780585221846","89.90161283320309","89.90161283320309","89.90161283320309","66.6403468785274","66.6403468785274","66.6403468785274","","","","","","","","",""
"2055.403752047","77.80780585221846","77.80780585221846","77.80780585221846","89.90161283320309","89.90161283320309","89.90161283320309","66.6403468785274","66.6403468785274","66.6403468785274","","","","","","","","",""
"2055.410717005","","","","","","","","","","75.75866110966398","75.75866110966398","75.75866110966398","87.11877007901363","87.11877007901363","87.11877007901363","65.99347703394982","65.99347703394982","65.99347703394982"
"2070.402203928","","","","","","","","","","75.75866110966398","75.75866110966398","75.75866110966398","87.11877007901363","87.11877007901363","87.11877007901363","65.99347703394982","65.99347703394982","65.99347703394982"
"2070.41096032","77.80780585221846","77.80780585221846","77.80780585221846","89.90161283320309","89.90161283320309","89.90161283320309","66.6403468785274","66.6403468785274","66.6403468785274","","","","","","","","",""
"2085.396718681","","","","","","","","","","75.75866110966398","75.75866110966398","75.75866110966398","87.11877007901363","87.11877007901363","87.11877007901363","65.99347703394982","65.99347703394982","65.99347703394982"
"2085.409807253","77.80780585221846","77.80780585221846","77.80780585221846","89.90161283320309","89.90161283320309","89.90161283320309","66.6403468785274","66.6403468785274","66.6403468785274","","","","","","","","",""
"2100.397443137","77.80780585221846","77.80780585221846","77.80780585221846","89.90161283320309","89.90161283320309","89.90161283320309","66.6403468785274","66.6403468785274","66.6403468785274","","","","","","","","",""
"2100.403518443","","","","","","","","","","75.75866110966398","75.75866110966398","75.75866110966398","87.11877007901363","87.11877007901363","87.11877007901363","65.99347703394982","65.99347703394982","65.99347703394982"
"2115.409648292","","","","","","","","","","75.75866110966398","75.75866110966398","75.75866110966398","87.11877007901363","87.11877007901363","87.11877007901363","65.99347703394982","65.99347703394982","65.99347703394982"
"2115.410379846","77.80780585221846","77.80780585221846","77.80780585221846","89.90161283320309","89.90161283320309","89.90161283320309","66.6403468785274","66.6403468785274","66.6403468785274","","","","","","","","",""
"2130.397008167","77.80780585221846","77.80780585221846","77.80780585221846","89.90161283320309","89.90161283320309","89.90161283320309","66.6403468785274","66.6403468785274","66.6403468785274","","","","","","","","",""
"2130.418852212","","","","","","","","","","75.75866110966398","75.75866110966398","75.75866110966398","87.11877007901363","87.11877007901363","87.11877007901363","65.99347703394982","65.99347703394982","65.99347703394982"
"2145.399545522","","","","","","","","","","75.75866110966398","75.75866110966398","75.75866110966398","87.11877007901363","87.11877007901363","87.11877007901363","65.99347703394982","65.99347703394982","65.99347703394982"
"2145.409735945","77.80780585221846","77.80780585221846","77.80780585221846","89.90161283320309","89.90161283320309","89.90161283320309","66.6403468785274","66.6403468785274","66.6403468785274","","","","","","","","",""
"2160.400631216","","","","","","","","","","75.75866110966398","75.75866110966398","75.75866110966398","87.11877007901363","87.11877007901363","87.11877007901363","65.99347703394982","65.99347703394982","65.99347703394982"
"2160.407253692","77.80780585221846","77.80780585221846","77.80780585221846","89.90161283320309","89.90161283320309","89.90161283320309","66.6403468785274","66.6403468785274","66.6403468785274","","","","","","","","",""
"2175.402377381","77.80780585221846","77.80780585221846","77.80780585221846","89.90161283320309","89.90161283320309","89.90161283320309","66.6403468785274","66.6403468785274","66.6403468785274","","","","","","","","",""
"2175.407516765","","","","","","","","","","75.75866110966398","75.75866110966398","75.75866110966398","87.11877007901363","87.11877007901363","87.11877007901363","65.99347703394982","65.99347703394982","65.99347703394982"
"2190.403233914","","","","","","","","","","75.75866110966398","75.75866110966398","75.75866110966398","87.11877007901363","87.11877007901363","87.11877007901363","65.99347703394982","65.99347703394982","65.99347703394982"
"2190.406310719","77.80780585221846","77.80780585221846","77.80780585221846","89.90161283320309","89.90161283320309","89.90161283320309","66.6403468785274","66.6403468785274","66.6403468785274","","","","","","","","",""
"2205.395829207","","","","","","","","","","75.75866110966398","75.75866110966398","75.75866110966398","87.11877007901363","87.11877007901363","87.11877007901363","65.99347703394982","65.99347703394982","65.99347703394982"
"2205.410031764","77.80780585221846","77.80780585221846","77.80780585221846","89.90161283320309","89.90161283320309","89.90161283320309","66.6403468785274","66.6403468785274","66.6403468785274","","","","","","","","",""
"2220.404716799","","","","","","","","","","75.75866110966398","75.75866110966398","75.75866110966398","87.11877007901363","87.11877007901363","87.11877007901363","65.99347703394982","65.99347703394982","65.99347703394982"
"2220.413011843","77.80780585221846","77.80780585221846","77.80780585221846","89.90161283320309","89.90161283320309","89.90161283320309","66.6403468785274","66.6403468785274","66.6403468785274","","","","","","","","",""
"2235.406964387","","","","","","","","","","75.75866110966398","75.75866110966398","75.75866110966398","87.11877007901363","87.11877007901363","87.11877007901363","65.99347703394982","65.99347703394982","65.99347703394982"
"2235.408251443","77.80780585221846","77.80780585221846","77.80780585221846","89.90161283320309","89.90161283320309","89.90161283320309","66.6403468785274","66.6403468785274","66.6403468785274","","","","","","","","",""
"2250.402189367","77.80780585221846","77.80780585221846","77.80780585221846","89.90161283320309","89.90161283320309","89.90161283320309","66.6403468785274","66.6403468785274","66.6403468785274","","","","","","","","",""
"2250.407689418","","","","","","","","","","75.75866110966398","75.75866110966398","75.75866110966398","87.11877007901363","87.11877007901363","87.11877007901363","65.99347703394982","65.99347703394982","65.99347703394982"
"2265.4014619","","","","","","","","","","75.75866110966398","75.75866110966398","75.75866110966398","87.11877007901363","87.11877007901363","87.11877007901363","65.99347703394982","65.99347703394982","65.99347703394982"
"2265.405238944","77.80780585221846","77.80780585221846","77.80780585221846","89.90161283320309","89.90161283320309","89.90161283320309","66.6403468785274","66.6403468785274","66.6403468785274","","","","","","","","",""
"2280.401629969","","","","","","","","","","75.75866110966398","75.75866110966398","75.75866110966398","87.11877007901363","87.11877007901363","87.11877007901363","65.99347703394982","65.99347703394982","65.99347703394982"
"2280.408304604","77.80780585221846","77.80780585221846","77.80780585221846","89.90161283320309","89.90161283320309","89.90161283320309","66.6403468785274","66.6403468785274","66.6403468785274","","","","","","","","",""
"2295.403437531","","","","","","","","","","75.75866110966398","75.75866110966398","75.75866110966398","87.11877007901363","87.11877007901363","87.11877007901363","65.99347703394982","65.99347703394982","65.99347703394982"
"2295.408292729","77.80780585221846","77.80780585221846","77.80780585221846","89.90161283320309","89.90161283320309","89.90161283320309","66.6403468785274","66.6403468785274","66.6403468785274","","","","","","","","",""
"2310.404133042","77.80780585221846","77.80780585221846","77.80780585221846","89.90161283320309","89.90161283320309","89.90161283320309","66.6403468785274","66.6403468785274","66.6403468785274","","","","","","","","",""
"2310.407515058","","","","","","","","","","75.75866110966398","75.75866110966398","75.75866110966398","87.11877007901363","87.11877007901363","87.11877007901363","65.99347703394982","65.99347703394982","65.99347703394982"
"2325.401529695","77.80780585221846","77.80780585221846","77.80780585221846","89.90161283320309","89.90161283320309","89.90161283320309","66.6403468785274","66.6403468785274","66.6403468785274","","","","","","","","",""
"2325.406360777","","","","","","","","","","75.75866110966398","75.75866110966398","75.75866110966398","87.11877007901363","87.11877007901363","87.11877007901363","65.99347703394982","65.99347703394982","65.99347703394982"
"2340.399918014","","","","","","","","","","75.75866110966398","75.75866110966398","75.75866110966398","87.11877007901363","87.11877007901363","87.11877007901363","65.99347703394982","65.99347703394982","65.99347703394982"
"2340.464100791","77.80780585221846","77.80780585221846","77.80780585221846","89.90161283320309","89.90161283320309","89.90161283320309","66.6403468785274","66.6403468785274","66.6403468785274","","","","","","","","",""
"2355.39799287","","","","","","","","","","75.75866110966398","75.75866110966398","75.75866110966398","96.600405921681","96.600405921681","96.600405921681","65.99347703394982","65.99347703394982","65.99347703394982"
"2355.406044416","77.80780585221846","77.80780585221846","77.80780585221846","89.90161283320309","89.90161283320309","89.90161283320309","66.6403468785274","66.6403468785274","66.6403468785274","","","","","","","","",""
"2370.404265553","","","","","","","","","","75.75866110966398","75.75866110966398","75.75866110966398","96.600405921681","96.600405921681","96.600405921681","65.99347703394982","65.99347703394982","65.99347703394982"
"2370.409169672","77.80780585221846","77.80780585221846","77.80780585221846","89.90161283320309","89.90161283320309","89.90161283320309","66.6403468785274","66.6403468785274","66.6403468785274","","","","","","","","",""
"2385.401000576","","","","","","","","","","75.75866110966398","75.75866110966398","75.75866110966398","96.600405921681","96.600405921681","96.600405921681","65.99347703394982","65.99347703394982","65.99347703394982"
"2385.404295926","77.80780585221846","77.80780585221846","77.80780585221846","89.90161283320309","89.90161283320309","89.90161283320309","66.6403468785274","66.6403468785274","66.6403468785274","","","","","","","","",""
"2400.397505657","77.80780585221846","77.80780585221846","77.80780585221846","89.90161283320309","89.90161283320309","89.90161283320309","66.6403468785274","66.6403468785274","66.6403468785274","","","","","","","","",""
"2400.400254319","","","","","","","","","","75.75866110966398","75.75866110966398","75.75866110966398","96.600405921681","96.600405921681","96.600405921681","65.99347703394982","65.99347703394982","65.99347703394982"
"2415.40194485","","","","","","","","","","75.75866110966398","75.75866110966398","75.75866110966398","96.600405921681","96.600405921681","96.600405921681","65.99347703394982","65.99347703394982","65.99347703394982"
"2415.406321403","77.80780585221846","77.80780585221846","77.80780585221846","89.90161283320309","89.90161283320309","89.90161283320309","66.6403468785274","66.6403468785274","66.6403468785274","","","","","","","","",""
"2430.401080673","","","","","","","","","","75.75866110966398","75.75866110966398","75.75866110966398","96.600405921681","96.600405921681","96.600405921681","65.99347703394982","65.99347703394982","65.99347703394982"
"2430.408950028","77.80780585221846","77.80780585221846","77.80780585221846","89.90161283320309","89.90161283320309","89.90161283320309","66.6403468785274","66.6403468785274","66.6403468785274","","","","","","","","",""
"2445.405786393","77.80780585221846","77.80780585221846","77.80780585221846","89.90161283320309","89.90161283320309","89.90161283320309","66.6403468785274","66.6403468785274","66.6403468785274","","","","","","","","",""
"2445.407653144","","","","","","","","","","75.75866110966398","75.75866110966398","75.75866110966398","96.600405921681","96.600405921681","96.600405921681","65.99347703394982","65.99347703394982","65.99347703394982"
"2460.402000741","77.80780585221846","77.80780585221846","77.80780585221846","89.90161283320309","89.90161283320309","89.90161283320309","66.6403468785274","66.6403468785274","66.6403468785274","","","","","","","","",""
"2460.407774221","","","","","","","","","","75.75866110966398","75.75866110966398","75.75866110966398","96.600405921681","96.600405921681","96.600405921681","65.99347703394982","65.99347703394982","65.99347703394982"
"2475.407581435","77.80780585221846","77.80780585221846","77.80780585221846","99.7479269775115","99.7479269775115","99.7479269775115","66.6403468785274","66.6403468785274","66.6403468785274","","","","","","","","",""
"2475.410070575","","","","","","","","","","75.75866110966398","75.75866110966398","75.75866110966398","96.600405921681","96.600405921681","96.600405921681","65.99347703394982","65.99347703394982","65.99347703394982"
"2490.388956792","","","","","","","","","","75.75866110966398","75.75866110966398","75.75866110966398","96.600405921681","96.600405921681","96.600405921681","65.99347703394982","65.99347703394982","65.99347703394982"
"2490.405896739","77.80780585221846","77.80780585221846","77.80780585221846","99.7479269775115","99.7479269775115","99.7479269775115","66.6403468785274","66.6403468785274","66.6403468785274","","","","","","","","",""
"2505.394678639","","","","","","","","","","75.75866110966398","75.75866110966398","75.75866110966398","96.600405921681","96.600405921681","96.600405921681","65.99347703394982","65.99347703394982","65.99347703394982"
"2505.402084956","77.80780585221846","77.80780585221846","77.80780585221846","99.7479269775115","99.7479269775115","99.7479269775115","66.6403468785274","66.6403468785274","66.6403468785274","","","","","","","","",""
"2520.399399085","","","","","","","","","","75.75866110966398","75.75866110966398","75.75866110966398","96.600405921681","96.600405921681","96.600405921681","65.99347703394982","65.99347703394982","65.99347703394982"
"2520.401162567","77.80780585221846","77.80780585221846","77.80780585221846","99.7479269775115","99.7479269775115","99.7479269775115","66.6403468785274","66.6403468785274","66.6403468785274","","","","","","","","",""
"2535.397190216","77.80780585221846","77.80780585221846","77.80780585221846","99.7479269775115","99.7479269775115","99.7479269775115","66.6403468785274","66.6403468785274","66.6403468785274","","","","","","","","",""
"2535.399368825","","","","","","","","","","75.75866110966398","75.75866110966398","75.75866110966398","96.600405921681","96.600405921681","96.600405921681","65.99347703394982","65.99347703394982","65.99347703394982"
"2550.403950911","77.80780585221846","77.80780585221846","77.80780585221846","99.7479269775115","99.7479269775115","99.7479269775115","66.6403468785274","66.6403468785274","66.6403468785274","","","","","","","","",""
"2550.406894388","","","","","","","","","","75.75866110966398","75.75866110966398","75.75866110966398","96.600405921681","96.600405921681","96.600405921681","65.99347703394982","65.99347703394982","65.99347703394982"
"2565.403146898","","","","","","","","","","75.75866110966398","75.75866110966398","75.75866110966398","96.600405921681","96.600405921681","96.600405921681","65.99347703394982","65.99347703394982","65.99347703394982"
"2565.40886536","77.80780585221846","77.80780585221846","77.80780585221846","99.7479269775115","99.7479269775115","99.7479269775115","66.6403468785274","66.6403468785274","66.6403468785274","","","","","","","","",""
"2580.398930987","","","","","","","","","","75.75866110966398","75.75866110966398","75.75866110966398","96.600405921681","96.600405921681","96.600405921681","65.99347703394982","65.99347703394982","65.99347703394982"
"2580.402527272","77.80780585221846","77.80780585221846","77.80780585221846","99.7479269775115","99.7479269775115","99.7479269775115","66.6403468785274","66.6403468785274","66.6403468785274","","","","","","","","",""
"2595.397450037","77.80780585221846","77.80780585221846","77.80780585221846","99.7479269775115","99.7479269775115","99.7479269775115","66.6403468785274","66.6403468785274","66.6403468785274","","","","","","","","",""
"2595.404192116","","","","","","","","","","75.75866110966398","75.75866110966398","75.75866110966398","96.600405921681","96.600405921681","96.600405921681","65.99347703394982","65.99347703394982","65.99347703394982"
"2610.402071208","77.80780585221846","77.80780585221846","77.80780585221846","99.7479269775115","99.7479269775115","99.7479269775115","66.6403468785274","66.6403468785274","66.6403468785274","","","","","","","","",""
"2610.409776101","","","","","","","","","","75.75866110966398","75.75866110966398","75.75866110966398","96.600405921681","96.600405921681","96.600405921681","65.99347703394982","65.99347703394982","65.99347703394982"
"2625.400771699","","","","","","","","","","75.75866110966398","75.75866110966398","75.75866110966398","96.600405921681","96.600405921681","96.600405921681","65.99347703394982","65.99347703394982","65.99347703394982"
"2625.409477867","77.80780585221846","77.80780585221846","77.80780585221846","99.7479269775115","99.7479269775115","99.7479269775115","66.6403468785274","66.6403468785274","66.6403468785274","","","","","","","","",""
"2640.399926088","77.80780585221846","77.80780585221846","77.80780585221846","99.7479269775115","99.7479269775115","99.7479269775115","66.6403468785274","66.6403468785274","66.6403468785274","","","","","","","","",""
"2640.401299974","","","","","","","","","","75.75866110966398","75.75866110966398","75.75866110966398","96.600405921681","96.600405921681","96.600405921681","65.99347703394982","65.99347703394982","65.99347703394982"
"2655.403944169","","","","","","","","","","75.75866110966398","75.75866110966398","75.75866110966398","96.600405921681","96.600405921681","96.600405921681","65.99347703394982","65.99347703394982","65.99347703394982"
"2655.404215104","77.80780585221846","77.80780585221846","77.80780585221846","99.7479269775115","99.7479269775115","99.7479269775115","66.6403468785274","66.6403468785274","66.6403468785274","","","","","","","","",""
"2670.398222802","","","","","","","","","","75.75866110966398","75.75866110966398","75.75866110966398","96.600405921681","96.600405921681","96.600405921681","65.99347703394982","65.99347703394982","65.99347703394982"
"2670.407067761","77.80780585221846","77.80780585221846","77.80780585221846","99.7479269775115","99.7479269775115","99.7479269775115","66.6403468785274","66.6403468785274","66.6403468785274","","","","","","","","",""
"2685.398294408","","","","","","","","","","75.75866110966398","75.75866110966398","75.75866110966398","96.600405921681","96.600405921681","96.600405921681","65.99347703394982","65.99347703394982","65.99347703394982"
"2685.4039788","77.80780585221846","77.80780585221846","77.80780585221846","99.7479269775115","99.7479269775115","99.7479269775115","66.6403468785274","66.6403468785274","66.6403468785274","","","","","","","","",""
"2700.399620279","","","","","","","","","","75.75866110966398","75.75866110966398","75.75866110966398","96.600405921681","96.600405921681","96.600405921681","65.99347703394982","65.99347703394982","65.99347703394982"
"2700.414297012","77.80780585221846","77.80780585221846","77.80780585221846","99.7479269775115","99.7479269775115","99.7479269775115","66.6403468785274","66.6403468785274","66.6403468785274","","","","","","","","",""
"2715.393049366","","","","","","","","","","75.75866110966398","75.75866110966398","75.75866110966398","96.600405921681","96.600405921681","96.600405921681","65.99347703394982","65.99347703394982","65.99347703394982"
"2715.406481827","77.80780585221846","77.80780585221846","77.80780585221846","99.7479269775115","99.7479269775115","99.7479269775115","66.6403468785274","66.6403468785274","66.6403468785274","","","","","","","","",""
"2730.39144311","","","","","","","","","","75.75866110966398","75.75866110966398","75.75866110966398","96.600405921681","96.600405921681","96.600405921681","65.99347703394982","65.99347703394982","65.99347703394982"
"2730.40661986","77.80780585221846","77.80780585221846","77.80780585221846","99.7479269775115","99.7479269775115","99.7479269775115","66.6403468785274","66.6403468785274","66.6403468785274","","","","","","","","",""
"2745.390961681","","","","","","","","","","75.75866110966398","75.75866110966398","75.75866110966398","96.600405921681","96.600405921681","96.600405921681","65.99347703394982","65.99347703394982","65.99347703394982"
"2745.404946569","77.80780585221846","77.80780585221846","77.80780585221846","99.7479269775115","99.7479269775115","99.7479269775115","66.6403468785274","66.6403468785274","66.6403468785274","","","","","","","","",""
"2760.393101248","","","","","","","","","","75.75866110966398","75.75866110966398","75.75866110966398","96.600405921681","96.600405921681","96.600405921681","65.99347703394982","65.99347703394982","65.99347703394982"
"2760.401230302","77.80780585221846","77.80780585221846","77.80780585221846","99.7479269775115","99.7479269775115","99.7479269775115","66.6403468785274","66.6403468785274","66.6403468785274","","","","","","","","",""
"2775.399249023","","","","","","","","","","75.75866110966398","75.75866110966398","75.75866110966398","96.600405921681","96.600405921681","96.600405921681","65.99347703394982","65.99347703394982","65.99347703394982"
"2775.41472592","77.80780585221846","77.80780585221846","77.80780585221846","99.7479269775115","99.7479269775115","99.7479269775115","66.6403468785274","66.6403468785274","66.6403468785274","","","","","","","","",""
"2790.408793841","77.80780585221846","77.80780585221846","77.80780585221846","99.7479269775115","99.7479269775115","99.7479269775115","66.6403468785274","66.6403468785274","66.6403468785274","","","","","","","","",""
"2790.41735772","","","","","","","","","","75.75866110966398","75.75866110966398","75.75866110966398","96.600405921681","96.600405921681","96.600405921681","65.99347703394982","65.99347703394982","65.99347703394982"
"2805.411781486","77.80780585221846","77.80780585221846","77.80780585221846","99.7479269775115","99.7479269775115","99.7479269775115","66.6403468785274","66.6403468785274","66.6403468785274","","","","","","","","",""
"2805.412097135","","","","","","","","","","75.75866110966398","75.75866110966398","75.75866110966398","96.600405921681","96.600405921681","96.600405921681","65.99347703394982","65.99347703394982","65.99347703394982"
"2820.404396281","","","","","","","","","","75.75866110966398","75.75866110966398","75.75866110966398","96.600405921681","96.600405921681","96.600405921681","65.99347703394982","65.99347703394982","65.99347703394982"
"2820.406722892","77.80780585221846","77.80780585221846","77.80780585221846","99.7479269775115","99.7479269775115","99.7479269775115","66.6403468785274","66.6403468785274","66.6403468785274","","","","","","","","",""
"2835.403718836","","","","","","","","","","75.75866110966398","75.75866110966398","75.75866110966398","96.600405921681","96.600405921681","96.600405921681","65.99347703394982","65.99347703394982","65.99347703394982"
"2835.414128457","77.80780585221846","77.80780585221846","77.80780585221846","99.7479269775115","99.7479269775115","99.7479269775115","66.6403468785274","66.6403468785274","66.6403468785274","","","","","","","","",""
"2850.397794092","","","","","","","","","","75.75866110966398","75.75866110966398","75.75866110966398","96.600405921681","96.600405921681","96.600405921681","65.99347703394982","65.99347703394982","65.99347703394982"
"2850.412162579","77.80780585221846","77.80780585221846","77.80780585221846","99.7479269775115","99.7479269775115","99.7479269775115","66.6403468785274","66.6403468785274","66.6403468785274","","","","","","","","",""
"2865.400327563","","","","","","","","","","75.75866110966398","75.75866110966398","75.75866110966398","96.600405921681","96.600405921681","96.600405921681","65.99347703394982","65.99347703394982","65.99347703394982"
"2865.412092567","77.80780585221846","77.80780585221846","77.80780585221846","99.7479269775115","99.7479269775115","99.7479269775115","66.6403468785274","66.6403468785274","66.6403468785274","","","","","","","","",""
"2880.405012202","77.80780585221846","77.80780585221846","77.80780585221846","99.7479269775115","99.7479269775115","99.7479269775115","66.6403468785274","66.6403468785274","66.6403468785274","","","","","","","","",""
"2880.414170089","","","","","","","","","","75.75866110966398","75.75866110966398","75.75866110966398","96.600405921681","96.600405921681","96.600405921681","65.99347703394982","65.99347703394982","65.99347703394982"
"2895.405907246","","","","","","","","","","75.75866110966398","75.75866110966398","75.75866110966398","96.600405921681","96.600405921681","96.600405921681","65.99347703394982","65.99347703394982","65.99347703394982"
"2895.409060599","77.80780585221846","77.80780585221846","77.80780585221846","99.7479269775115","99.7479269775115","99.7479269775115","66.6403468785274","66.6403468785274","66.6403468785274","","","","","","","","",""
"2910.400713446","","","","","","","","","","75.75866110966398","75.75866110966398","75.75866110966398","96.600405921681","96.600405921681","96.600405921681","65.99347703394982","65.99347703394982","65.99347703394982"
"2910.405533865","77.80780585221846","77.80780585221846","77.80780585221846","99.7479269775115","99.7479269775115","99.7479269775115","66.6403468785274","66.6403468785274","66.6403468785274","","","","","","","","",""
"2925.395839989","","","","","","","","","","75.75866110966398","75.75866110966398","75.75866110966398","96.600405921681","96.600405921681","96.600405921681","65.99347703394982","65.99347703394982","65.99347703394982"
"2925.412595455","77.80780585221846","77.80780585221846","77.80780585221846","99.7479269775115","99.7479269775115","99.7479269775115","66.6403468785274","66.6403468785274","66.6403468785274","","","","","","","","",""
"2940.40769344","77.80780585221846","77.80780585221846","77.80780585221846","99.7479269775115","99.7479269775115","99.7479269775115","66.6403468785274","66.6403468785274","66.6403468785274","","","","","","","","",""
"2940.412067068","","","","","","","","","","75.75866110966398","75.75866110966398","75.75866110966398","96.600405921681","96.600405921681","96.600405921681","65.99347703394982","65.99347703394982","65.99347703394982"
"2955.4073972","","","","","","","","","","75.75866110966398","75.75866110966398","75.75866110966398","96.600405921681","96.600405921681","96.600405921681","65.99347703394982","65.99347703394982","65.99347703394982"
"2955.416826606","77.80780585221846","77.80780585221846","77.80780585221846","99.7479269775115","99.7479269775115","99.7479269775115","66.6403468785274","66.6403468785274","66.6403468785274","","","","","","","","",""
"2970.402620084","77.80780585221846","77.80780585221846","77.80780585221846","99.7479269775115","99.7479269775115","99.7479269775115","66.6403468785274","66.6403468785274","66.6403468785274","","","","","","","","",""
"2970.418111596","","","","","","","","","","75.75866110966398","75.75866110966398","75.75866110966398","96.600405921681","96.600405921681","96.600405921681","65.99347703394982","65.99347703394982","65.99347703394982"
"2985.403132321","","","","","","","","","","75.75866110966398","75.75866110966398","75.75866110966398","96.600405921681","96.600405921681","96.600405921681","65.99347703394982","65.99347703394982","65.99347703394982"
"2985.414904264","77.80780585221846","77.80780585221846","77.80780585221846","99.7479269775115","99.7479269775115","99.7479269775115","66.6403468785274","66.6403468785274","66.6403468785274","","","","","","","","",""
"3000.403181719","77.80780585221846","77.80780585221846","77.80780585221846","99.7479269775115","99.7479269775115","99.7479269775115","66.6403468785274","66.6403468785274","66.6403468785274","","","","","","","","",""
"3000.411474907","","","","","","","","","","75.75866110966398","75.75866110966398","75.75866110966398","96.600405921681","96.600405921681","96.600405921681","65.99347703394982","65.99347703394982","65.99347703394982"
"3015.405141422","","","","","","","","","","75.75866110966398","75.75866110966398","75.75866110966398","96.600405921681","96.600405921681","96.600405921681","65.99347703394982","65.99347703394982","65.99347703394982"
"3015.418126539","77.80780585221846","77.80780585221846","77.80780585221846","99.7479269775115","99.7479269775115","99.7479269775115","66.6403468785274","66.6403468785274","66.6403468785274","","","","","","","","",""
"3030.415128746","77.80780585221846","77.80780585221846","77.80780585221846","99.7479269775115","99.7479269775115","99.7479269775115","66.6403468785274","66.6403468785274","66.6403468785274","","","","","","","","",""
"3030.417543442","","","","","","","","","","75.75866110966398","75.75866110966398","75.75866110966398","96.600405921681","96.600405921681","96.600405921681","65.99347703394982","65.99347703394982","65.99347703394982"
"3045.400188228","","","","","","","","","","75.75866110966398","75.75866110966398","75.75866110966398","96.600405921681","96.600405921681","96.600405921681","65.99347703394982","65.99347703394982","65.99347703394982"
"3045.411477788","77.80780585221846","77.80780585221846","77.80780585221846","99.7479269775115","99.7479269775115","99.7479269775115","66.6403468785274","66.6403468785274","66.6403468785274","","","","","","","","",""
"3060.410323173","","","","","","","","","","75.75866110966398","75.75866110966398","75.75866110966398","96.600405921681","96.600405921681","96.600405921681","65.99347703394982","65.99347703394982","65.99347703394982"
"3060.444164181","77.80780585221846","77.80780585221846","77.80780585221846","99.7479269775115","99.7479269775115","99.7479269775115","66.6403468785274","66.6403468785274","66.6403468785274","","","","","","","","",""
"3075.39975239","","","","","","","","","","75.75866110966398","75.75866110966398","75.75866110966398","96.600405921681","96.600405921681","96.600405921681","65.99347703394982","65.99347703394982","65.99347703394982"
"3075.406426167","77.80780585221846","77.80780585221846","77.80780585221846","99.7479269775115","99.7479269775115","99.7479269775115","66.6403468785274","66.6403468785274","66.6403468785274","","","","","","","","",""
"3090.399944467","77.80780585221846","77.80780585221846","77.80780585221846","99.7479269775115","99.7479269775115","99.7479269775115","66.6403468785274","66.6403468785274","66.6403468785274","","","","","","","","",""
"3090.404768025","","","","","","","","","","75.75866110966398","75.75866110966398","75.75866110966398","96.600405921681","96.600405921681","96.600405921681","65.99347703394982","65.99347703394982","65.99347703394982"
"3105.401327123","","","","","","","","","","75.75866110966398","75.75866110966398","75.75866110966398","96.600405921681","96.600405921681","96.600405921681","65.99347703394982","65.99347703394982","65.99347703394982"
"3105.410083005","77.80780585221846","77.80780585221846","77.80780585221846","99.7479269775115","99.7479269775115","99.7479269775115","66.6403468785274","66.6403468785274","66.6403468785274","","","","","","","","",""
"3120.403671882","","","","","","","","","","75.75866110966398","75.75866110966398","75.75866110966398","96.600405921681","96.600405921681","96.600405921681","65.99347703394982","65.99347703394982","65.99347703394982"
"3120.408426848","77.80780585221846","77.80780585221846","77.80780585221846","99.7479269775115","99.7479269775115","99.7479269775115","66.6403468785274","66.6403468785274","66.6403468785274","","","","","","","","",""
"3135.406732347","","","","","","","","","","75.75866110966398","75.75866110966398","75.75866110966398","96.600405921681","96.600405921681","96.600405921681","65.99347703394982","65.99347703394982","65.99347703394982"
"3135.419904944","77.80780585221846","77.80780585221846","77.80780585221846","99.7479269775115","99.7479269775115","99.7479269775115","66.6403468785274","66.6403468785274","66.6403468785274","","","","","","","","",""
"3150.403795875","77.80780585221846","77.80780585221846","77.80780585221846","99.7479269775115","99.7479269775115","99.7479269775115","66.6403468785274","66.6403468785274","66.6403468785274","","","","","","","","",""
"3150.420563226","","","","","","","","","","75.75866110966398","75.75866110966398","75.75866110966398","96.600405921681","96.600405921681","96.600405921681","65.99347703394982","65.99347703394982","65.99347703394982"
"3165.401387066","","","","","","","","","","75.75866110966398","75.75866110966398","75.75866110966398","96.600405921681","96.600405921681","96.600405921681","65.99347703394982","65.99347703394982","65.99347703394982"
"3165.418679669","77.80780585221846","77.80780585221846","77.80780585221846","99.7479269775115","99.7479269775115","99.7479269775115","66.6403468785274","66.6403468785274","66.6403468785274","","","","","","","","",""
"3180.405993177","77.80780585221846","77.80780585221846","77.80780585221846","99.7479269775115","99.7479269775115","99.7479269775115","66.6403468785274","66.6403468785274","66.6403468785274","","","","","","","","",""
"3180.412495616","","","","","","","","","","75.75866110966398","75.75866110966398","75.75866110966398","96.600405921681","96.600405921681","96.600405921681","65.99347703394982","65.99347703394982","65.99347703394982"
"3195.40205227","","","","","","","","","","75.75866110966398","75.75866110966398","75.75866110966398","96.600405921681","96.600405921681","96.600405921681","65.99347703394982","65.99347703394982","65.99347703394982"
"3195.402348635","77.80780585221846","77.80780585221846","77.80780585221846","99.7479269775115","99.7479269775115","99.7479269775115","66.6403468785274","66.6403468785274","66.6403468785274","","","","","","","","",""
"3210.406409351","77.80780585221846","77.80780585221846","77.80780585221846","99.7479269775115","99.7479269775115","99.7479269775115","66.6403468785274","66.6403468785274","66.6403468785274","","","","","","","","",""
"3210.410288715","","","","","","","","","","75.75866110966398","75.75866110966398","75.75866110966398","96.600405921681","96.600405921681","96.600405921681","65.99347703394982","65.99347703394982","65.99347703394982"
"3225.402048647","","","","","","","","","","75.75866110966398","75.75866110966398","75.75866110966398","96.600405921681","96.600405921681","96.600405921681","65.99347703394982","65.99347703394982","65.99347703394982"
"3225.411941314","77.80780585221846","77.80780585221846","77.80780585221846","99.7479269775115","99.7479269775115","99.7479269775115","66.6403468785274","66.6403468785274","66.6403468785274","","","","","","","","",""
"3240.40143544","","","","","","","","","","75.75866110966398","75.75866110966398","75.75866110966398","96.600405921681","96.600405921681","96.600405921681","65.99347703394982","65.99347703394982","65.99347703394982"
"3240.408668809","77.80780585221846","77.80780585221846","77.80780585221846","99.7479269775115","99.7479269775115","99.7479269775115","66.6403468785274","66.6403468785274","66.6403468785274","","","","","","","","",""
"3255.403110967","","","","","","","","","","75.75866110966398","75.75866110966398","75.75866110966398","96.600405921681","96.600405921681","96.600405921681","65.99347703394982","65.99347703394982","65.99347703394982"
"3255.41393268","77.80780585221846","77.80780585221846","77.80780585221846","99.7479269775115","99.7479269775115","99.7479269775115","66.6403468785274","66.6403468785274","66.6403468785274","","","","","","","","",""
"3270.40493521","77.80780585221846","77.80780585221846","77.80780585221846","99.7479269775115","99.7479269775115","99.7479269775115","66.6403468785274","66.6403468785274","66.6403468785274","","","","","","","","",""
"3270.411850972","","","","","","","","","","75.75866110966398","75.75866110966398","75.75866110966398","96.600405921681","96.600405921681","96.600405921681","65.99347703394982","65.99347703394982","65.99347703394982"
"3285.401878891","","","","","","","","","","75.75866110966398","75.75866110966398","75.75866110966398","96.600405921681","96.600405921681","96.600405921681","65.99347703394982","65.99347703394982","65.99347703394982"
"3285.422108014","77.80780585221846","77.80780585221846","77.80780585221846","99.7479269775115","99.7479269775115","99.7479269775115","66.6403468785274","66.6403468785274","66.6403468785274","","","","","","","","",""
"3300.40266089","","","","","","","","","","75.75866110966398","75.75866110966398","75.75866110966398","96.600405921681","96.600405921681","96.600405921681","65.99347703394982","65.99347703394982","65.99347703394982"
"3300.408390192","77.80780585221846","77.80780585221846","77.80780585221846","99.7479269775115","99.7479269775115","99.7479269775115","66.6403468785274","66.6403468785274","66.6403468785274","","","","","","","","",""
"3315.396552436","","","","","","","","","","75.75866110966398","75.75866110966398","75.75866110966398","96.600405921681","96.600405921681","96.600405921681","65.99347703394982","65.99347703394982","65.99347703394982"
"3315.40454233","77.80780585221846","77.80780585221846","77.80780585221846","99.7479269775115","99.7479269775115","99.7479269775115","66.6403468785274","66.6403468785274","66.6403468785274","","","","","","","","",""
"3330.400087777","77.80780585221846","77.80780585221846","77.80780585221846","99.7479269775115","99.7479269775115","99.7479269775115","66.6403468785274","66.6403468785274","66.6403468785274","","","","","","","","",""
"3330.414313163","","","","","","","","","","75.75866110966398","75.75866110966398","75.75866110966398","96.600405921681","96.600405921681","96.600405921681","65.99347703394982","65.99347703394982","65.99347703394982"
"3345.403884658","","","","","","","","","","75.75866110966398","75.75866110966398","75.75866110966398","96.600405921681","96.600405921681","96.600405921681","65.99347703394982","65.99347703394982","65.99347703394982"
"3345.404452821","77.80780585221846","77.80780585221846","77.80780585221846","99.7479269775115","99.7479269775115","99.7479269775115","66.6403468785274","66.6403468785274","66.6403468785274","","","","","","","","",""
"3360.409639615","77.80780585221846","77.80780585221846","77.80780585221846","99.7479269775115","99.7479269775115","99.7479269775115","66.6403468785274","66.6403468785274","66.6403468785274","","","","","","","","",""
"3360.415484482","","","","","","","","","","75.75866110966398","75.75866110966398","75.75866110966398","96.600405921681","96.600405921681","96.600405921681","65.99347703394982","65.99347703394982","65.99347703394982"
"3375.396946232","","","","","","","","","","75.75866110966398","75.75866110966398","75.75866110966398","96.600405921681","96.600405921681","96.600405921681","65.99347703394982","65.99347703394982","65.99347703394982"
"3375.404920504","77.80780585221846","77.80780585221846","77.80780585221846","99.7479269775115","99.7479269775115","99.7479269775115","66.6403468785274","66.6403468785274","66.6403468785274","","","","","","","","",""
"3390.405753308","77.80780585221846","77.80780585221846","77.80780585221846","99.7479269775115","99.7479269775115","99.7479269775115","66.6403468785274","66.6403468785274","66.6403468785274","","","","","","","","",""
"3390.409143087","","","","","","","","","","75.75866110966398","75.75866110966398","75.75866110966398","96.600405921681","96.600405921681","96.600405921681","65.99347703394982","65.99347703394982","65.99347703394982"
"3405.396462297","","","","","","","","","","75.75866110966398","75.75866110966398","75.75866110966398","96.600405921681","96.600405921681","96.600405921681","65.99347703394982","65.99347703394982","65.99347703394982"
"3405.404352686","77.80780585221846","77.80780585221846","77.80780585221846","99.7479269775115","99.7479269775115","99.7479269775115","66.6403468785274","66.6403468785274","66.6403468785274","","","","","","","","",""
"3420.396438552","","","","","","","","","","75.75866110966398","75.75866110966398","75.75866110966398","96.600405921681","96.600405921681","96.600405921681","65.99347703394982","65.99347703394982","65.99347703394982"
"3420.4010159","77.80780585221846","77.80780585221846","77.80780585221846","99.7479269775115","99.7479269775115","99.7479269775115","66.6403468785274","66.6403468785274","66.6403468785274","","","","","","","","",""
"3435.399545423","","","","","","","","","","75.75866110966398","75.75866110966398","75.75866110966398","96.600405921681","96.600405921681","96.600405921681","65.99347703394982","65.99347703394982","65.99347703394982"
"3435.405911049","77.80780585221846","77.80780585221846","77.80780585221846","99.7479269775115","99.7479269775115","99.7479269775115","66.6403468785274","66.6403468785274","66.6403468785274","","","","","","","","",""
"3450.40016216","77.80780585221846","77.80780585221846","77.80780585221846","99.7479269775115","99.7479269775115","99.7479269775115","66.6403468785274","66.6403468785274","66.6403468785274","","","","","","","","",""
"3450.40792197","","","","","","","","","","75.75866110966398","75.75866110966398","75.75866110966398","96.600405921681","96.600405921681","96.600405921681","65.99347703394982","65.99347703394982","65.99347703394982"
"3465.403404418","77.80780585221846","77.80780585221846","77.80780585221846","99.7479269775115","99.7479269775115","99.7479269775115","66.6403468785274","66.6403468785274","66.6403468785274","","","","","","","","",""
"3465.403922601","","","","","","","","","","75.75866110966398","75.75866110966398","75.75866110966398","96.600405921681","96.600405921681","96.600405921681","65.99347703394982","65.99347703394982","65.99347703394982"
"3480.399661565","77.80780585221846","77.80780585221846","77.80780585221846","99.7479269775115","99.7479269775115","99.7479269775115","66.6403468785274","66.6403468785274","66.6403468785274","","","","","","","","",""
"3480.400888786","","","","","","","","","","75.75866110966398","75.75866110966398","75.75866110966398","96.600405921681","96.600405921681","96.600405921681","65.99347703394982","65.99347703394982","65.99347703394982"
"3495.40532148","","","","","","","","","","75.75866110966398","75.75866110966398","75.75866110966398","96.600405921681","96.600405921681","96.600405921681","65.99347703394982","65.99347703394982","65.99347703394982"
"3495.406757245","77.80780585221846","77.80780585221846","77.80780585221846","99.7479269775115","99.7479269775115","99.7479269775115","66.6403468785274","66.6403468785274","66.6403468785274","","","","","","","","",""
"3510.399366318","","","","","","","","","","75.75866110966398","75.75866110966398","75.75866110966398","96.600405921681","96.600405921681","96.600405921681","65.99347703394982","65.99347703394982","65.99347703394982"
"3510.409713294","77.80780585221846","77.80780585221846","77.80780585221846","99.7479269775115","99.7479269775115","99.7479269775115","66.6403468785274","66.6403468785274","66.6403468785274","","","","","","","","",""
"3525.403643293","","","","","","","","","","75.75866110966398","75.75866110966398","75.75866110966398","96.600405921681","96.600405921681","96.600405921681","65.99347703394982","65.99347703394982","65.99347703394982"
"3525.419248877","77.80780585221846","77.80780585221846","77.80780585221846","99.7479269775115","99.7479269775115","99.7479269775115","66.6403468785274","66.6403468785274","66.6403468785274","","","","","","","","",""
"3540.399507568","77.80780585221846","77.80780585221846","77.80780585221846","99.7479269775115","99.7479269775115","99.7479269775115","66.6403468785274","66.6403468785274","66.6403468785274","","","","","","","","",""
"3540.401166054","","","","","","","","","","75.75866110966398","75.75866110966398","75.75866110966398","96.600405921681","96.600405921681","96.600405921681","65.99347703394982","65.99347703394982","65.99347703394982"
"3555.403581689","","","","","","","","","","75.75866110966398","75.75866110966398","75.75866110966398","96.600405921681","96.600405921681","96.600405921681","65.99347703394982","65.99347703394982","65.99347703394982"
"3555.408623534","77.80780585221846","77.80780585221846","77.80780585221846","99.7479269775115","99.7479269775115","99.7479269775115","66.6403468785274","66.6403468785274","66.6403468785274","","","","","","","","",""
"3570.40008231","","","","","","","","","","75.75866110966398","75.75866110966398","75.75866110966398","96.600405921681","96.600405921681","96.600405921681","65.99347703394982","65.99347703394982","65.99347703394982"
"3570.404806586","77.80780585221846","77.80780585221846","77.80780585221846","99.7479269775115","99.7479269775115","99.7479269775115","66.6403468785274","66.6403468785274","66.6403468785274","","","","","","","","",""
"3585.407823362","","","","","","","","","","75.75866110966398","75.75866110966398","75.75866110966398","96.600405921681","96.600405921681","96.600405921681","65.99347703394982","65.99347703394982","65.99347703394982"
"3585.417072752","77.80780585221846","77.80780585221846","77.80780585221846","99.7479269775115","99.7479269775115","99.7479269775115","66.6403468785274","66.6403468785274","66.6403468785274","","","","","","","","",""
"3600.401643489","","","","","","","","","","75.75866110966398","75.75866110966398","75.75866110966398","96.600405921681","96.600405921681","96.600405921681","65.99347703394982","65.99347703394982","65.99347703394982"
"3600.405326771","77.80780585221846","77.80780585221846","77.80780585221846","99.7479269775115","99.7479269775115","99.7479269775115","66.6403468785274","66.6403468785274","66.6403468785274","","","","","","","","",""
"3615.402203151","","","","","","","","","","75.75866110966398","75.75866110966398","75.75866110966398","96.600405921681","96.600405921681","96.600405921681","65.99347703394982","65.99347703394982","65.99347703394982"
"3615.414698277","77.80780585221846","77.80780585221846","77.80780585221846","99.7479269775115","99.7479269775115","99.7479269775115","66.6403468785274","66.6403468785274","66.6403468785274","","","","","","","","",""
"3630.39809778","","","","","","","","","","75.75866110966398","75.75866110966398","75.75866110966398","96.600405921681","96.600405921681","96.600405921681","65.99347703394982","65.99347703394982","65.99347703394982"
"3630.409776199","77.80780585221846","77.80780585221846","77.80780585221846","99.7479269775115","99.7479269775115","99.7479269775115","66.6403468785274","66.6403468785274","66.6403468785274","","","","","","","","",""
"3645.405757819","","","","","","","","","","75.75866110966398","75.75866110966398","75.75866110966398","96.600405921681","96.600405921681","96.600405921681","65.99347703394982","65.99347703394982","65.99347703394982"
"3645.418749203","77.80780585221846","77.80780585221846","77.80780585221846","99.7479269775115","99.7479269775115","99.7479269775115","66.6403468785274","66.6403468785274","66.6403468785274","","","","","","","","",""
"3660.404269102","","","","","","","","","","75.75866110966398","75.75866110966398","75.75866110966398","96.600405921681","96.600405921681","96.600405921681","65.99347703394982","65.99347703394982","65.99347703394982"
"3660.405344649","77.80780585221846","77.80780585221846","77.80780585221846","99.7479269775115","99.7479269775115","99.7479269775115","66.6403468785274","66.6403468785274","66.6403468785274","","","","","","","","",""
"3675.399065984","","","","","","","","","","75.75866110966398","75.75866110966398","75.75866110966398","96.600405921681","96.600405921681","96.600405921681","65.99347703394982","65.99347703394982","65.99347703394982"
"3675.412597584","77.80780585221846","77.80780585221846","77.80780585221846","99.7479269775115","99.7479269775115","99.7479269775115","66.6403468785274","66.6403468785274","66.6403468785274","","","","","","","","",""
"3690.399550609","","","","","","","","","","75.75866110966398","75.75866110966398","75.75866110966398","96.600405921681","96.600405921681","96.600405921681","65.99347703394982","65.99347703394982","65.99347703394982"
"3690.399922143","77.80780585221846","77.80780585221846","77.80780585221846","99.7479269775115","99.7479269775115","99.7479269775115","66.6403468785274","66.6403468785274","66.6403468785274","","","","","","","","",""
"3705.395542839","","","","","","","","","","75.75866110966398","75.75866110966398","75.75866110966398","96.600405921681","96.600405921681","96.600405921681","65.99347703394982","65.99347703394982","65.99347703394982"
"3705.409543505","77.80780585221846","77.80780585221846","77.80780585221846","99.7479269775115","99.7479269775115","99.7479269775115","66.6403468785274","66.6403468785274","66.6403468785274","","","","","","","","",""
"3720.400502193","77.80780585221846","77.80780585221846","77.80780585221846","99.7479269775115","99.7479269775115","99.7479269775115","66.6403468785274","66.6403468785274","66.6403468785274","","","","","","","","",""
"3720.404526668","","","","","","","","","","75.75866110966398","75.75866110966398","75.75866110966398","96.600405921681","96.600405921681","96.600405921681","65.99347703394982","65.99347703394982","65.99347703394982"
"3735.402767125","","","","","","","","","","75.75866110966398","75.75866110966398","75.75866110966398","96.600405921681","96.600405921681","96.600405921681","65.99347703394982","65.99347703394982","65.99347703394982"
"3735.404563298","77.80780585221846","77.80780585221846","77.80780585221846","99.7479269775115","99.7479269775115","99.7479269775115","66.6403468785274","66.6403468785274","66.6403468785274","","","","","","","","",""
"3750.397696891","","","","","","","","","","75.75866110966398","75.75866110966398","75.75866110966398","96.600405921681","96.600405921681","96.600405921681","65.99347703394982","65.99347703394982","65.99347703394982"
"3750.408289599","77.80780585221846","77.80780585221846","77.80780585221846","99.7479269775115","99.7479269775115","99.7479269775115","66.6403468785274","66.6403468785274","66.6403468785274","","","","","","","","",""
"3765.398150672","","","","","","","","","","75.75866110966398","75.75866110966398","75.75866110966398","96.600405921681","96.600405921681","96.600405921681","65.99347703394982","65.99347703394982","65.99347703394982"
"3765.403843601","77.80780585221846","77.80780585221846","77.80780585221846","99.7479269775115","99.7479269775115","99.7479269775115","66.6403468785274","66.6403468785274","66.6403468785274","","","","","","","","",""
"3780.399662874","","","","","","","","","","75.75866110966398","75.75866110966398","75.75866110966398","96.600405921681","96.600405921681","96.600405921681","65.99347703394982","65.99347703394982","65.99347703394982"
"3780.400289566","77.80780585221846","77.80780585221846","77.80780585221846","99.7479269775115","99.7479269775115","99.7479269775115","66.6403468785274","66.6403468785274","66.6403468785274","","","","","","","","",""
"3795.404855556","","","","","","","","","","75.75866110966398","75.75866110966398","75.75866110966398","96.600405921681","96.600405921681","96.600405921681","65.99347703394982","65.99347703394982","65.99347703394982"
"3795.407897798","77.80780585221846","77.80780585221846","77.80780585221846","99.7479269775115","99.7479269775115","99.7479269775115","66.6403468785274","66.6403468785274","66.6403468785274","","","","","","","","",""
"3810.399252543","77.80780585221846","77.80780585221846","77.80780585221846","99.7479269775115","99.7479269775115","99.7479269775115","66.6403468785274","66.6403468785274","66.6403468785274","","","","","","","","",""
"3810.40075744","","","","","","","","","","75.75866110966398","75.75866110966398","75.75866110966398","96.600405921681","96.600405921681","96.600405921681","65.99347703394982","65.99347703394982","65.99347703394982"
"3825.401987411","","","","","","","","","","75.75866110966398","75.75866110966398","75.75866110966398","96.600405921681","96.600405921681","96.600405921681","65.99347703394982","65.99347703394982","65.99347703394982"
"3825.409838288","77.80780585221846","77.80780585221846","77.80780585221846","99.7479269775115","99.7479269775115","99.7479269775115","66.6403468785274","66.6403468785274","66.6403468785274","","","","","","","","",""
"3840.40255171","77.80780585221846","77.80780585221846","77.80780585221846","99.7479269775115","99.7479269775115","99.7479269775115","66.6403468785274","66.6403468785274","66.6403468785274","","","","","","","","",""
"3840.403404433","","","","","","","","","","75.75866110966398","75.75866110966398","75.75866110966398","96.600405921681","96.600405921681","96.600405921681","65.99347703394982","65.99347703394982","65.99347703394982"
"3855.403158787","","","","","","","","","","75.75866110966398","75.75866110966398","75.75866110966398","96.600405921681","96.600405921681","96.600405921681","65.99347703394982","65.99347703394982","65.99347703394982"
"3855.416521289","77.80780585221846","77.80780585221846","77.80780585221846","99.7479269775115","99.7479269775115","99.7479269775115","66.6403468785274","66.6403468785274","66.6403468785274","","","","","","","","",""
"3870.399834075","","","","","","","","","","75.75866110966398","75.75866110966398","75.75866110966398","96.600405921681","96.600405921681","96.600405921681","65.99347703394982","65.99347703394982","65.99347703394982"
"3870.409717024","77.80780585221846","77.80780585221846","77.80780585221846","99.7479269775115","99.7479269775115","99.7479269775115","66.6403468785274","66.6403468785274","66.6403468785274","","","","","","","","",""
"3885.395046663","77.80780585221846","77.80780585221846","77.80780585221846","99.7479269775115","99.7479269775115","99.7479269775115","66.6403468785274","66.6403468785274","66.6403468785274","","","","","","","","",""
"3885.413136232","","","","","","","","","","75.75866110966398","75.75866110966398","75.75866110966398","96.600405921681","96.600405921681","96.600405921681","65.99347703394982","65.99347703394982","65.99347703394982"
"3900.403082359","77.80780585221846","77.80780585221846","77.80780585221846","99.7479269775115","99.7479269775115","99.7479269775115","66.6403468785274","66.6403468785274","66.6403468785274","","","","","","","","",""
"3900.407311124","","","","","","","","","","75.75866110966398","75.75866110966398","75.75866110966398","96.600405921681","96.600405921681","96.600405921681","65.99347703394982","65.99347703394982","65.99347703394982"
"3915.403189934","","","","","","","","","","75.75866110966398","75.75866110966398","75.75866110966398","96.600405921681","96.600405921681","96.600405921681","65.99347703394982","65.99347703394982","65.99347703394982"
"3915.416113795","77.80780585221846","77.80780585221846","77.80780585221846","99.7479269775115","99.7479269775115","99.7479269775115","66.6403468785274","66.6403468785274","66.6403468785274","","","","","","","","",""
"3930.401590622","","","","","","","","","","75.75866110966398","75.75866110966398","75.75866110966398","96.600405921681","96.600405921681","96.600405921681","65.99347703394982","65.99347703394982","65.99347703394982"
"3930.412776134","77.80780585221846","77.80780585221846","77.80780585221846","99.7479269775115","99.7479269775115","99.7479269775115","66.6403468785274","66.6403468785274","66.6403468785274","","","","","","","","",""
"3945.398793247","","","","","","","","","","75.75866110966398","75.75866110966398","75.75866110966398","96.600405921681","96.600405921681","96.600405921681","65.99347703394982","65.99347703394982","65.99347703394982"
"3945.408639899","77.80780585221846","77.80780585221846","77.80780585221846","99.7479269775115","99.7479269775115","99.7479269775115","66.6403468785274","66.6403468785274","66.6403468785274","","","","","","","","",""
"3960.401876457","77.80780585221846","77.80780585221846","77.80780585221846","99.7479269775115","99.7479269775115","99.7479269775115","66.6403468785274","66.6403468785274","66.6403468785274","","","","","","","","",""
"3960.405206595","","","","","","","","","","75.75866110966398","75.75866110966398","75.75866110966398","96.600405921681","96.600405921681","96.600405921681","65.99347703394982","65.99347703394982","65.99347703394982"
"3975.39855406","","","","","","","","","","75.75866110966398","75.75866110966398","75.75866110966398","96.600405921681","96.600405921681","96.600405921681","65.99347703394982","65.99347703394982","65.99347703394982"
"3975.402798978","77.80780585221846","77.80780585221846","77.80780585221846","99.7479269775115","99.7479269775115","99.7479269775115","66.6403468785274","66.6403468785274","66.6403468785274","","","","","","","","",""
"3990.400405909","","","","","","","","","","75.75866110966398","75.75866110966398","75.75866110966398","96.600405921681","96.600405921681","96.600405921681","65.99347703394982","65.99347703394982","65.99347703394982"
"3990.408177689","77.80780585221846","77.80780585221846","77.80780585221846","99.7479269775115","99.7479269775115","99.7479269775115","66.6403468785274","66.6403468785274","66.6403468785274","","","","","","","","",""
"4005.403275881","","","","","","","","","","75.75866110966398","75.75866110966398","75.75866110966398","96.600405921681","96.600405921681","96.600405921681","65.99347703394982","65.99347703394982","65.99347703394982"
"4005.409765193","77.80780585221846","77.80780585221846","77.80780585221846","99.7479269775115","99.7479269775115","99.7479269775115","66.6403468785274","66.6403468785274","66.6403468785274","","","","","","","","",""
"4020.404980604","","","","","","","","","","75.75866110966398","75.75866110966398","75.75866110966398","96.600405921681","96.600405921681","96.600405921681","65.99347703394982","65.99347703394982","65.99347703394982"
"4020.408455027","77.80780585221846","77.80780585221846","77.80780585221846","99.7479269775115","99.7479269775115","99.7479269775115","66.6403468785274","66.6403468785274","66.6403468785274","","","","","","","","",""
"4035.404799503","","","","","","","","","","75.75866110966398","75.75866110966398","75.75866110966398","96.600405921681","96.600405921681","96.600405921681","65.99347703394982","65.99347703394982","65.99347703394982"
"4035.419308059","77.80780585221846","77.80780585221846","77.80780585221846","99.7479269775115","99.7479269775115","99.7479269775115","66.6403468785274","66.6403468785274","66.6403468785274","","","","","","","","",""
"4050.402783424","","","","","","","","","","75.75866110966398","75.75866110966398","75.75866110966398","96.600405921681","96.600405921681","96.600405921681","65.99347703394982","65.99347703394982","65.99347703394982"
"4050.408749314","77.80780585221846","77.80780585221846","77.80780585221846","99.7479269775115","99.7479269775115","99.7479269775115","66.6403468785274","66.6403468785274","66.6403468785274","","","","","","","","",""
"4065.402546942","","","","","","","","","","75.75866110966398","75.75866110966398","75.75866110966398","96.600405921681","96.600405921681","96.600405921681","65.99347703394982","65.99347703394982","65.99347703394982"
"4065.404211961","77.80780585221846","77.80780585221846","77.80780585221846","99.7479269775115","99.7479269775115","99.7479269775115","66.6403468785274","66.6403468785274","66.6403468785274","","","","","","","","",""
"4080.401249294","","","","","","","","","","75.75866110966398","75.75866110966398","75.75866110966398","96.600405921681","96.600405921681","96.600405921681","65.99347703394982","65.99347703394982","65.99347703394982"
"4080.405258667","77.80780585221846","77.80780585221846","77.80780585221846","99.7479269775115","99.7479269775115","99.7479269775115","66.6403468785274","66.6403468785274","66.6403468785274","","","","","","","","",""
"4095.393415372","","","","","","","","","","75.75866110966398","75.75866110966398","75.75866110966398","96.600405921681","96.600405921681","96.600405921681","65.99347703394982","65.99347703394982","65.99347703394982"
"4095.405709539","77.80780585221846","77.80780585221846","77.80780585221846","99.7479269775115","99.7479269775115","99.7479269775115","66.6403468785274","66.6403468785274","66.6403468785274","","","","","","","","",""
"4110.39519954","","","","","","","","","","75.75866110966398","75.75866110966398","75.75866110966398","96.600405921681","96.600405921681","96.600405921681","65.99347703394982","65.99347703394982","65.99347703394982"
"4110.406653734","77.80780585221846","77.80780585221846","77.80780585221846","99.7479269775115","99.7479269775115","99.7479269775115","66.6403468785274","66.6403468785274","66.6403468785274","","","","","","","","",""
"4125.391701134","","","","","","","","","","75.75866110966398","75.75866110966398","75.75866110966398","96.600405921681","96.600405921681","96.600405921681","65.99347703394982","65.99347703394982","65.99347703394982"
"4125.403454671","77.80780585221846","77.80780585221846","77.80780585221846","99.7479269775115","99.7479269775115","99.7479269775115","66.6403468785274","66.6403468785274","66.6403468785274","","","","","","","","",""
"4140.390444388","","","","","","","","","","75.75866110966398","75.75866110966398","75.75866110966398","96.600405921681","96.600405921681","96.600405921681","65.99347703394982","65.99347703394982","65.99347703394982"
"4140.406064703","77.80780585221846","77.80780585221846","77.80780585221846","99.7479269775115","99.7479269775115","99.7479269775115","66.6403468785274","66.6403468785274","66.6403468785274","","","","","","","","",""
"4155.38874831","","","","","","","","","","75.75866110966398","75.75866110966398","75.75866110966398","96.600405921681","96.600405921681","96.600405921681","65.99347703394982","65.99347703394982","65.99347703394982"
"4155.40659511","77.80780585221846","77.80780585221846","77.80780585221846","99.7479269775115","99.7479269775115","99.7479269775115","66.6403468785274","66.6403468785274","66.6403468785274","","","","","","","","",""
"4170.396847893","","","","","","","","","","75.75866110966398","75.75866110966398","75.75866110966398","96.600405921681","96.600405921681","96.600405921681","65.99347703394982","65.99347703394982","65.99347703394982"
"4170.401483018","77.80780585221846","77.80780585221846","77.80780585221846","99.7479269775115","99.7479269775115","99.7479269775115","66.6403468785274","66.6403468785274","66.6403468785274","","","","","","","","",""
"4185.389864929","","","","","","","","","","75.75866110966398","75.75866110966398","75.75866110966398","96.600405921681","96.600405921681","96.600405921681","65.99347703394982","65.99347703394982","65.99347703394982"
"4185.397297807","77.80780585221846","77.80780585221846","77.80780585221846","99.7479269775115","99.7479269775115","99.7479269775115","66.6403468785274","66.6403468785274","66.6403468785274","","","","","","","","",""
"4200.389158985","","","","","","","","","","75.75866110966398","75.75866110966398","75.75866110966398","96.600405921681","96.600405921681","96.600405921681","65.99347703394982","65.99347703394982","65.99347703394982"
"4200.408157901","77.80780585221846","77.80780585221846","77.80780585221846","99.7479269775115","99.7479269775115","99.7479269775115","66.6403468785274","66.6403468785274","66.6403468785274","","","","","","","","",""
"4215.393630519","","","","","","","","","","75.75866110966398","75.75866110966398","75.75866110966398","96.600405921681","96.600405921681","96.600405921681","65.99347703394982","65.99347703394982","65.99347703394982"
"4215.408737006","77.80780585221846","77.80780585221846","77.80780585221846","99.7479269775115","99.7479269775115","99.7479269775115","66.6403468785274","66.6403468785274","66.6403468785274","","","","","","","","",""
"4230.389929044","","","","","","","","","","75.75866110966398","75.75866110966398","75.75866110966398","96.600405921681","96.600405921681","96.600405921681","65.99347703394982","65.99347703394982","65.99347703394982"
"4230.411746496","77.80780585221846","77.80780585221846","77.80780585221846","99.7479269775115","99.7479269775115","99.7479269775115","66.6403468785274","66.6403468785274","66.6403468785274","","","","","","","","",""
"4245.390873556","","","","","","","","","","75.75866110966398","75.75866110966398","75.75866110966398","96.600405921681","96.600405921681","96.600405921681","65.99347703394982","65.99347703394982","65.99347703394982"
"4245.402569842","77.80780585221846","77.80780585221846","77.80780585221846","99.7479269775115","99.7479269775115","99.7479269775115","66.6403468785274","66.6403468785274","66.6403468785274","","","","","","","","",""
"4260.38871856","","","","","","","","","","75.75866110966398","75.75866110966398","75.75866110966398","96.600405921681","96.600405921681","96.600405921681","65.99347703394982","65.99347703394982","65.99347703394982"
"4260.408662772","77.80780585221846","77.80780585221846","77.80780585221846","99.7479269775115","99.7479269775115","99.7479269775115","66.6403468785274","66.6403468785274","66.6403468785274","","","","","","","","",""
"4275.377698347","","","","","","","","","","73.46938221759139","73.46938221759139","73.46938221759139","1.3079849353130155","1.3079849353130155","1.3079849353130155","1.3079849353130155","1.3079849353130155","1.3079849353130155"
"4275.404728918","77.80780585221846","77.80780585221846","77.80780585221846","99.7479269775115","99.7479269775115","99.7479269775115","66.6403468785274","66.6403468785274","66.6403468785274","","","","","","","","",""
"4290.400955982","77.80780585221846","77.80780585221846","77.80780585221846","99.7479269775115","99.7479269775115","99.7479269775115","66.6403468785274","66.6403468785274","66.6403468785274","","","","","","","","",""
"4305.403266433","77.80780585221846","77.80780585221846","77.80780585221846","99.7479269775115","99.7479269775115","99.7479269775115","66.6403468785274","66.6403468785274","66.6403468785274","","","","","","","","",""
"4320.397044392","77.80780585221846","77.80780585221846","77.80780585221846","99.7479269775115","99.7479269775115","99.7479269775115","66.6403468785274","66.6403468785274","66.6403468785274","","","","","","","","",""
"4335.396462126","77.80780585221846","77.80780585221846","77.80780585221846","99.7479269775115","99.7479269775115","99.7479269775115","66.6403468785274","66.6403468785274","66.6403468785274","","","","","","","","",""
"4350.401035554","77.80780585221846","77.80780585221846","77.80780585221846","99.7479269775115","99.7479269775115","99.7479269775115","66.6403468785274","66.6403468785274","66.6403468785274","","","","","","","","",""
"4365.381265144","77.80780585221846","77.80780585221846","77.80780585221846","99.7479269775115","99.7479269775115","99.7479269775115","66.6403468785274","66.6403468785274","66.6403468785274","","","","","","","","",""
"4380.398370521","77.80780585221846","77.80780585221846","77.80780585221846","99.7479269775115","99.7479269775115","99.7479269775115","66.6403468785274","66.6403468785274","66.6403468785274","","","","","","","","",""
"4395.399159296","77.80780585221846","77.80780585221846","77.80780585221846","99.7479269775115","99.7479269775115","99.7479269775115","66.6403468785274","66.6403468785274","66.6403468785274","","","","","","","","",""
"4410.401016433","77.80780585221846","77.80780585221846","77.80780585221846","99.7479269775115","99.7479269775115","99.7479269775115","66.6403468785274","66.6403468785274","66.6403468785274","","","","","","","","",""