"Relative Time (Process)","reranker-gte-multilingual-base-msmarco-bce-adamW-None-ep-1-3 - system/gpu.0.memoryAllocated","reranker-gte-multilingual-base-msmarco-bce-adamW-None-ep-1-3 - system/gpu.0.memoryAllocated__MIN","reranker-gte-multilingual-base-msmarco-bce-adamW-None-ep-1-3 - system/gpu.0.memoryAllocated__MAX","reranker-gte-multilingual-base-msmarco-bce-adamW-None-ep-1-3 - system/gpu.1.memoryAllocated","reranker-gte-multilingual-base-msmarco-bce-adamW-None-ep-1-3 - system/gpu.1.memoryAllocated__MIN","reranker-gte-multilingual-base-msmarco-bce-adamW-None-ep-1-3 - system/gpu.1.memoryAllocated__MAX","reranker-gte-multilingual-base-msmarco-bce-adamW-None-ep-1-3 - system/gpu.2.memoryAllocated","reranker-gte-multilingual-base-msmarco-bce-adamW-None-ep-1-3 - system/gpu.2.memoryAllocated__MIN","reranker-gte-multilingual-base-msmarco-bce-adamW-None-ep-1-3 - system/gpu.2.memoryAllocated__MAX","reranker-gte-multilingual-base-msmarco-bce-Lion-ep-1-3 - system/gpu.0.memoryAllocated","reranker-gte-multilingual-base-msmarco-bce-Lion-ep-1-3 - system/gpu.0.memoryAllocated__MIN","reranker-gte-multilingual-base-msmarco-bce-Lion-ep-1-3 - system/gpu.0.memoryAllocated__MAX","reranker-gte-multilingual-base-msmarco-bce-Lion-ep-1-3 - system/gpu.1.memoryAllocated","reranker-gte-multilingual-base-msmarco-bce-Lion-ep-1-3 - system/gpu.1.memoryAllocated__MIN","reranker-gte-multilingual-base-msmarco-bce-Lion-ep-1-3 - system/gpu.1.memoryAllocated__MAX","reranker-gte-multilingual-base-msmarco-bce-Lion-ep-1-3 - system/gpu.2.memoryAllocated","reranker-gte-multilingual-base-msmarco-bce-Lion-ep-1-3 - system/gpu.2.memoryAllocated__MIN","reranker-gte-multilingual-base-msmarco-bce-Lion-ep-1-3 - system/gpu.2.memoryAllocated__MAX"
"15.368892825","","","","","","","","","","46.84740028490029","46.84740028490029","46.84740028490029","41.09928266178266","41.09928266178266","41.09928266178266","38.71833028083028","38.71833028083028","38.71833028083028"
"15.429823943","49.69718676738734","49.69718676738734","49.69718676738734","46.561333246505164","46.561333246505164","46.561333246505164","44.62940652947816","44.62940652947816","44.62940652947816","","","","","","","","",""
"30.350210167","","","","","","","","","","46.84740028490029","46.84740028490029","46.84740028490029","41.10335266585267","41.10335266585267","41.10335266585267","38.71833028083028","38.71833028083028","38.71833028083028"
"30.425517538","49.701528175740215","49.701528175740215","49.701528175740215","46.561333246505164","46.561333246505164","46.561333246505164","44.62940652947816","44.62940652947816","44.62940652947816","","","","","","","","",""
"45.345494871","","","","","","","","","","46.84740028490029","46.84740028490029","46.84740028490029","41.10335266585267","41.10335266585267","41.10335266585267","38.71833028083028","38.71833028083028","38.71833028083028"
"45.426517899","52.150082486758706","52.150082486758706","52.150082486758706","46.561333246505164","46.561333246505164","46.561333246505164","44.62940652947816","44.62940652947816","44.62940652947816","","","","","","","","",""
"60.342484998","","","","","","","","","","46.84740028490029","46.84740028490029","46.84740028490029","41.10335266585267","41.10335266585267","41.10335266585267","38.71833028083028","38.71833028083028","38.71833028083028"
"60.423633238","52.150082486758706","52.150082486758706","52.150082486758706","46.561333246505164","46.561333246505164","46.561333246505164","44.62940652947816","44.62940652947816","44.62940652947816","","","","","","","","",""
"75.343790708","","","","","","","","","","46.85147028897029","46.85147028897029","46.85147028897029","42.59704415954416","42.59704415954416","42.59704415954416","47.204288766788764","47.204288766788764","47.204288766788764"
"75.418682217","52.150082486758706","52.150082486758706","52.150082486758706","46.561333246505164","46.561333246505164","46.561333246505164","44.62940652947816","44.62940652947816","44.62940652947816","","","","","","","","",""
"90.342580806","","","","","","","","","","46.85147028897029","46.85147028897029","46.85147028897029","42.59704415954416","42.59704415954416","42.59704415954416","47.204288766788764","47.204288766788764","47.204288766788764"
"90.420741251","52.15442389511158","52.15442389511158","52.15442389511158","46.561333246505164","46.561333246505164","46.561333246505164","53.824509420856124","53.824509420856124","53.824509420856124","","","","","","","","",""
"105.351380674","","","","","","","","","","46.85147028897029","46.85147028897029","46.85147028897029","44.090735653235654","44.090735653235654","44.090735653235654","52.1371336996337","52.1371336996337","52.1371336996337"
"105.42203599","52.15442389511158","52.15442389511158","52.15442389511158","46.561333246505164","46.561333246505164","46.561333246505164","53.824509420856124","53.824509420856124","53.824509420856124","","","","","","","","",""
"120.352219214","","","","","","","","","","46.85147028897029","46.85147028897029","46.85147028897029","44.090735653235654","44.090735653235654","44.090735653235654","52.1371336996337","52.1371336996337","52.1371336996337"
"120.42825014","52.15442389511158","52.15442389511158","52.15442389511158","48.154630112008334","48.154630112008334","48.154630112008334","60.076137448988455","60.076137448988455","60.076137448988455","","","","","","","","",""
"135.338153096","","","","","","","","","","46.85147028897029","46.85147028897029","46.85147028897029","44.363425925925924","44.363425925925924","44.363425925925924","52.1371336996337","52.1371336996337","52.1371336996337"
"135.424869901","52.15442389511158","52.15442389511158","52.15442389511158","48.154630112008334","48.154630112008334","48.154630112008334","60.076137448988455","60.076137448988455","60.076137448988455","","","","","","","","",""
"150.335501824","","","","","","","","","","46.85147028897029","46.85147028897029","46.85147028897029","44.363425925925924","44.363425925925924","44.363425925925924","52.1371336996337","52.1371336996337","52.1371336996337"
"150.416662821","52.15442389511158","52.15442389511158","52.15442389511158","49.609001910219675","49.609001910219675","49.609001910219675","60.076137448988455","60.076137448988455","60.076137448988455","","","","","","","","",""
"165.34359247","","","","","","","","","","59.31382275132275","59.31382275132275","59.31382275132275","44.363425925925924","44.363425925925924","44.363425925925924","58.759030321530325","58.759030321530325","58.759030321530325"
"165.423929453","52.15442389511158","52.15442389511158","52.15442389511158","49.609001910219675","49.609001910219675","49.609001910219675","60.076137448988455","60.076137448988455","60.076137448988455","","","","","","","","",""
"180.353856466","","","","","","","","","","59.31382275132275","59.31382275132275","59.31382275132275","47.220568783068785","47.220568783068785","47.220568783068785","58.759030321530325","58.759030321530325","58.759030321530325"
"180.432000132","52.15442389511158","52.15442389511158","52.15442389511158","49.609001910219675","49.609001910219675","49.609001910219675","68.70251584614049","68.70251584614049","68.70251584614049","","","","","","","","",""
"195.3517623","","","","","","","","","","59.31382275132275","59.31382275132275","59.31382275132275","47.220568783068785","47.220568783068785","47.220568783068785","58.759030321530325","58.759030321530325","58.759030321530325"
"195.423553523","66.54619258487453","66.54619258487453","66.54619258487453","53.33393027698185","53.33393027698185","53.33393027698185","68.70251584614049","68.70251584614049","68.70251584614049","","","","","","","","",""
"210.355778965","","","","","","","","","","59.31382275132275","59.31382275132275","59.31382275132275","47.220568783068785","47.220568783068785","47.220568783068785","58.759030321530325","58.759030321530325","58.759030321530325"
"210.420198365","66.54619258487453","66.54619258487453","66.54619258487453","53.33393027698185","53.33393027698185","53.33393027698185","68.70251584614049","68.70251584614049","68.70251584614049","","","","","","","","",""
"225.350916343","","","","","","","","","","59.31382275132275","59.31382275132275","59.31382275132275","47.220568783068785","47.220568783068785","47.220568783068785","58.759030321530325","58.759030321530325","58.759030321530325"
"225.434143323","66.54619258487453","66.54619258487453","66.54619258487453","53.33393027698185","53.33393027698185","53.33393027698185","68.70251584614049","68.70251584614049","68.70251584614049","","","","","","","","",""
"240.348457688","","","","","","","","","","59.31382275132275","59.31382275132275","59.31382275132275","47.220568783068785","47.220568783068785","47.220568783068785","58.759030321530325","58.759030321530325","58.759030321530325"
"240.422863302","66.54619258487453","66.54619258487453","66.54619258487453","53.33393027698185","53.33393027698185","53.33393027698185","68.70251584614049","68.70251584614049","68.70251584614049","","","","","","","","",""
"255.344123464","","","","","","","","","","59.31382275132275","59.31382275132275","59.31382275132275","47.220568783068785","47.220568783068785","47.220568783068785","58.759030321530325","58.759030321530325","58.759030321530325"
"255.419268373","66.54619258487453","66.54619258487453","66.54619258487453","53.33393027698185","53.33393027698185","53.33393027698185","68.70251584614049","68.70251584614049","68.70251584614049","","","","","","","","",""
"270.348147304","","","","","","","","","","59.31382275132275","59.31382275132275","59.31382275132275","47.220568783068785","47.220568783068785","47.220568783068785","58.759030321530325","58.759030321530325","58.759030321530325"
"270.431679797","66.54619258487453","66.54619258487453","66.54619258487453","53.33393027698185","53.33393027698185","53.33393027698185","68.70251584614049","68.70251584614049","68.70251584614049","","","","","","","","",""
"285.341014742","","","","","","","","","","59.31382275132275","59.31382275132275","59.31382275132275","47.220568783068785","47.220568783068785","47.220568783068785","58.759030321530325","58.759030321530325","58.759030321530325"
"285.419883692","66.54619258487453","66.54619258487453","66.54619258487453","53.33393027698185","53.33393027698185","53.33393027698185","68.70251584614049","68.70251584614049","68.70251584614049","","","","","","","","",""
"300.348413606","","","","","","","","","","59.31382275132275","59.31382275132275","59.31382275132275","47.220568783068785","47.220568783068785","47.220568783068785","58.759030321530325","58.759030321530325","58.759030321530325"
"300.421474737","66.54619258487453","66.54619258487453","66.54619258487453","53.33393027698185","53.33393027698185","53.33393027698185","68.70251584614049","68.70251584614049","68.70251584614049","","","","","","","","",""
"315.345042356","","","","","","","","","","59.31382275132275","59.31382275132275","59.31382275132275","47.220568783068785","47.220568783068785","47.220568783068785","58.759030321530325","58.759030321530325","58.759030321530325"
"315.419655015","66.54619258487453","66.54619258487453","66.54619258487453","53.33393027698185","53.33393027698185","53.33393027698185","68.70251584614049","68.70251584614049","68.70251584614049","","","","","","","","",""
"330.347183844","","","","","","","","","","59.31382275132275","59.31382275132275","59.31382275132275","47.220568783068785","47.220568783068785","47.220568783068785","58.759030321530325","58.759030321530325","58.759030321530325"
"330.441827653","66.54619258487453","66.54619258487453","66.54619258487453","53.33393027698185","53.33393027698185","53.33393027698185","68.70251584614049","68.70251584614049","68.70251584614049","","","","","","","","",""
"345.354306122","","","","","","","","","","59.31382275132275","59.31382275132275","59.31382275132275","47.220568783068785","47.220568783068785","47.220568783068785","58.759030321530325","58.759030321530325","58.759030321530325"
"345.429211122","66.54619258487453","66.54619258487453","66.54619258487453","53.33393027698185","53.33393027698185","53.33393027698185","68.70251584614049","68.70251584614049","68.70251584614049","","","","","","","","",""
"360.349589924","","","","","","","","","","59.31382275132275","59.31382275132275","59.31382275132275","47.220568783068785","47.220568783068785","47.220568783068785","58.759030321530325","58.759030321530325","58.759030321530325"
"360.429547416","66.54619258487453","66.54619258487453","66.54619258487453","53.33393027698185","53.33393027698185","53.33393027698185","68.70251584614049","68.70251584614049","68.70251584614049","","","","","","","","",""
"375.349802998","","","","","","","","","","59.31382275132275","59.31382275132275","59.31382275132275","47.220568783068785","47.220568783068785","47.220568783068785","58.759030321530325","58.759030321530325","58.759030321530325"
"375.418515824","66.54619258487453","66.54619258487453","66.54619258487453","53.33393027698185","53.33393027698185","53.33393027698185","68.70251584614049","68.70251584614049","68.70251584614049","","","","","","","","",""
"390.350792606","","","","","","","","","","59.31382275132275","59.31382275132275","59.31382275132275","47.220568783068785","47.220568783068785","47.220568783068785","58.759030321530325","58.759030321530325","58.759030321530325"
"390.427732167","66.54619258487453","66.54619258487453","66.54619258487453","53.33393027698185","53.33393027698185","53.33393027698185","68.70251584614049","68.70251584614049","68.70251584614049","","","","","","","","",""
"405.339604383","","","","","","","","","","59.31382275132275","59.31382275132275","59.31382275132275","47.220568783068785","47.220568783068785","47.220568783068785","58.759030321530325","58.759030321530325","58.759030321530325"
"405.419706749","66.54619258487453","66.54619258487453","66.54619258487453","53.33393027698185","53.33393027698185","53.33393027698185","68.70251584614049","68.70251584614049","68.70251584614049","","","","","","","","",""
"420.350828403","","","","","","","","","","59.31382275132275","59.31382275132275","59.31382275132275","47.220568783068785","47.220568783068785","47.220568783068785","58.759030321530325","58.759030321530325","58.759030321530325"
"420.421413066","66.54619258487453","66.54619258487453","66.54619258487453","53.33393027698185","53.33393027698185","53.33393027698185","68.70251584614049","68.70251584614049","68.70251584614049","","","","","","","","",""
"435.348696853","","","","","","","","","","59.31382275132275","59.31382275132275","59.31382275132275","47.220568783068785","47.220568783068785","47.220568783068785","58.759030321530325","58.759030321530325","58.759030321530325"
"435.428701463","66.54619258487453","66.54619258487453","66.54619258487453","53.33393027698185","53.33393027698185","53.33393027698185","68.70251584614049","68.70251584614049","68.70251584614049","","","","","","","","",""
"450.348478488","","","","","","","","","","59.31382275132275","59.31382275132275","59.31382275132275","47.220568783068785","47.220568783068785","47.220568783068785","58.759030321530325","58.759030321530325","58.759030321530325"
"450.426121147","66.54619258487453","66.54619258487453","66.54619258487453","53.33393027698185","53.33393027698185","53.33393027698185","68.70251584614049","68.70251584614049","68.70251584614049","","","","","","","","",""
"465.340765941","","","","","","","","","","59.31382275132275","59.31382275132275","59.31382275132275","47.220568783068785","47.220568783068785","47.220568783068785","58.759030321530325","58.759030321530325","58.759030321530325"
"465.428390075","66.54619258487453","66.54619258487453","66.54619258487453","53.33393027698185","53.33393027698185","53.33393027698185","68.70251584614049","68.70251584614049","68.70251584614049","","","","","","","","",""
"480.342789152","","","","","","","","","","59.31382275132275","59.31382275132275","59.31382275132275","47.220568783068785","47.220568783068785","47.220568783068785","58.759030321530325","58.759030321530325","58.759030321530325"
"480.432471855","66.54619258487453","66.54619258487453","66.54619258487453","53.33393027698185","53.33393027698185","53.33393027698185","68.70251584614049","68.70251584614049","68.70251584614049","","","","","","","","",""
"495.347058161","","","","","","","","","","59.31382275132275","59.31382275132275","59.31382275132275","47.220568783068785","47.220568783068785","47.220568783068785","58.759030321530325","58.759030321530325","58.759030321530325"
"495.419058767","66.54619258487453","66.54619258487453","66.54619258487453","53.33393027698185","53.33393027698185","53.33393027698185","68.70251584614049","68.70251584614049","68.70251584614049","","","","","","","","",""
"510.347121838","","","","","","","","","","59.31382275132275","59.31382275132275","59.31382275132275","47.220568783068785","47.220568783068785","47.220568783068785","58.759030321530325","58.759030321530325","58.759030321530325"
"510.422782531","66.54619258487453","66.54619258487453","66.54619258487453","53.33393027698185","53.33393027698185","53.33393027698185","68.70251584614049","68.70251584614049","68.70251584614049","","","","","","","","",""
"525.356994114","","","","","","","","","","59.31382275132275","59.31382275132275","59.31382275132275","47.220568783068785","47.220568783068785","47.220568783068785","58.759030321530325","58.759030321530325","58.759030321530325"
"525.430229342","66.54619258487453","66.54619258487453","66.54619258487453","53.33393027698185","53.33393027698185","53.33393027698185","68.70251584614049","68.70251584614049","68.70251584614049","","","","","","","","",""
"540.351852457","","","","","","","","","","59.31382275132275","59.31382275132275","59.31382275132275","47.220568783068785","47.220568783068785","47.220568783068785","58.759030321530325","58.759030321530325","58.759030321530325"
"540.414560041","66.54619258487453","66.54619258487453","66.54619258487453","53.33393027698185","53.33393027698185","53.33393027698185","68.70251584614049","68.70251584614049","68.70251584614049","","","","","","","","",""
"555.345372227","","","","","","","","","","59.31382275132275","59.31382275132275","59.31382275132275","47.220568783068785","47.220568783068785","47.220568783068785","58.759030321530325","58.759030321530325","58.759030321530325"
"555.425474839","66.54619258487453","66.54619258487453","66.54619258487453","53.33393027698185","53.33393027698185","53.33393027698185","68.70251584614049","68.70251584614049","68.70251584614049","","","","","","","","",""
"570.346577329","","","","","","","","","","59.31382275132275","59.31382275132275","59.31382275132275","47.220568783068785","47.220568783068785","47.220568783068785","58.759030321530325","58.759030321530325","58.759030321530325"
"570.425851181","66.54619258487453","66.54619258487453","66.54619258487453","53.33393027698185","53.33393027698185","53.33393027698185","68.70251584614049","68.70251584614049","68.70251584614049","","","","","","","","",""
"585.352953789","","","","","","","","","","59.31382275132275","59.31382275132275","59.31382275132275","47.220568783068785","47.220568783068785","47.220568783068785","58.759030321530325","58.759030321530325","58.759030321530325"
"585.419496012","66.54619258487453","66.54619258487453","66.54619258487453","53.33393027698185","53.33393027698185","53.33393027698185","68.70251584614049","68.70251584614049","68.70251584614049","","","","","","","","",""
"600.346418019","","","","","","","","","","59.31382275132275","59.31382275132275","59.31382275132275","47.220568783068785","47.220568783068785","47.220568783068785","65.96700752950753","65.96700752950753","65.96700752950753"
"600.419640601","66.54619258487453","66.54619258487453","66.54619258487453","53.33393027698185","53.33393027698185","53.33393027698185","68.70251584614049","68.70251584614049","68.70251584614049","","","","","","","","",""
"615.351035709","","","","","","","","","","59.31382275132275","59.31382275132275","59.31382275132275","47.220568783068785","47.220568783068785","47.220568783068785","65.96700752950753","65.96700752950753","65.96700752950753"
"615.422415531","66.54619258487453","66.54619258487453","66.54619258487453","53.33393027698185","53.33393027698185","53.33393027698185","68.70251584614049","68.70251584614049","68.70251584614049","","","","","","","","",""
"630.353615684","","","","","","","","","","59.31382275132275","59.31382275132275","59.31382275132275","47.220568783068785","47.220568783068785","47.220568783068785","65.96700752950753","65.96700752950753","65.96700752950753"
"630.431709903","66.54619258487453","66.54619258487453","66.54619258487453","53.33393027698185","53.33393027698185","53.33393027698185","68.70251584614049","68.70251584614049","68.70251584614049","","","","","","","","",""
"645.344553938","","","","","","","","","","59.31382275132275","59.31382275132275","59.31382275132275","47.220568783068785","47.220568783068785","47.220568783068785","65.96700752950753","65.96700752950753","65.96700752950753"
"645.42072121","66.54619258487453","66.54619258487453","66.54619258487453","53.33393027698185","53.33393027698185","53.33393027698185","68.70251584614049","68.70251584614049","68.70251584614049","","","","","","","","",""
"660.343972095","","","","","","","","","","59.31382275132275","59.31382275132275","59.31382275132275","47.220568783068785","47.220568783068785","47.220568783068785","65.96700752950753","65.96700752950753","65.96700752950753"
"660.418369416","66.54619258487453","66.54619258487453","66.54619258487453","53.33393027698185","53.33393027698185","53.33393027698185","68.70251584614049","68.70251584614049","68.70251584614049","","","","","","","","",""
"675.35391465","","","","","","","","","","59.31382275132275","59.31382275132275","59.31382275132275","47.220568783068785","47.220568783068785","47.220568783068785","65.96700752950753","65.96700752950753","65.96700752950753"
"675.417472517","66.54619258487453","66.54619258487453","66.54619258487453","53.33393027698185","53.33393027698185","53.33393027698185","68.70251584614049","68.70251584614049","68.70251584614049","","","","","","","","",""
"690.372549953","","","","","","","","","","59.31382275132275","59.31382275132275","59.31382275132275","47.220568783068785","47.220568783068785","47.220568783068785","65.96700752950753","65.96700752950753","65.96700752950753"
"690.432105881","66.54619258487453","66.54619258487453","66.54619258487453","53.33393027698185","53.33393027698185","53.33393027698185","75.9005708951984","75.9005708951984","75.9005708951984","","","","","","","","",""
"705.343288888","","","","","","","","","","59.31382275132275","59.31382275132275","59.31382275132275","47.220568783068785","47.220568783068785","47.220568783068785","65.96700752950753","65.96700752950753","65.96700752950753"
"705.428740227","66.54619258487453","66.54619258487453","66.54619258487453","53.33393027698185","53.33393027698185","53.33393027698185","75.9005708951984","75.9005708951984","75.9005708951984","","","","","","","","",""
"720.337537873","","","","","","","","","","59.31382275132275","59.31382275132275","59.31382275132275","47.220568783068785","47.220568783068785","47.220568783068785","65.96700752950753","65.96700752950753","65.96700752950753"
"720.435920313","66.54619258487453","66.54619258487453","66.54619258487453","53.33393027698185","53.33393027698185","53.33393027698185","75.9005708951984","75.9005708951984","75.9005708951984","","","","","","","","",""
"735.3426758","","","","","","","","","","59.31382275132275","59.31382275132275","59.31382275132275","47.220568783068785","47.220568783068785","47.220568783068785","65.96700752950753","65.96700752950753","65.96700752950753"
"735.418854814","66.54619258487453","66.54619258487453","66.54619258487453","53.33393027698185","53.33393027698185","53.33393027698185","75.9005708951984","75.9005708951984","75.9005708951984","","","","","","","","",""
"750.341189628","","","","","","","","","","59.31382275132275","59.31382275132275","59.31382275132275","47.220568783068785","47.220568783068785","47.220568783068785","65.96700752950753","65.96700752950753","65.96700752950753"
"750.423568187","66.54619258487453","66.54619258487453","66.54619258487453","53.33393027698185","53.33393027698185","53.33393027698185","75.9005708951984","75.9005708951984","75.9005708951984","","","","","","","","",""
"765.346310341","","","","","","","","","","59.31382275132275","59.31382275132275","59.31382275132275","47.220568783068785","47.220568783068785","47.220568783068785","65.96700752950753","65.96700752950753","65.96700752950753"
"765.418015872","66.54619258487453","66.54619258487453","66.54619258487453","53.33393027698185","53.33393027698185","53.33393027698185","75.9005708951984","75.9005708951984","75.9005708951984","","","","","","","","",""
"780.341887917","","","","","","","","","","59.31382275132275","59.31382275132275","59.31382275132275","47.220568783068785","47.220568783068785","47.220568783068785","65.96700752950753","65.96700752950753","65.96700752950753"
"780.422046992","66.54619258487453","66.54619258487453","66.54619258487453","53.33393027698185","53.33393027698185","53.33393027698185","75.9005708951984","75.9005708951984","75.9005708951984","","","","","","","","",""
"795.35345888","","","","","","","","","","59.31382275132275","59.31382275132275","59.31382275132275","47.220568783068785","47.220568783068785","47.220568783068785","65.96700752950753","65.96700752950753","65.96700752950753"
"795.42294335","66.54619258487453","66.54619258487453","66.54619258487453","53.33393027698185","53.33393027698185","53.33393027698185","75.9005708951984","75.9005708951984","75.9005708951984","","","","","","","","",""
"810.336977695","","","","","","","","","","59.31382275132275","59.31382275132275","59.31382275132275","47.220568783068785","47.220568783068785","47.220568783068785","65.96700752950753","65.96700752950753","65.96700752950753"
"810.4239341","66.54619258487453","66.54619258487453","66.54619258487453","53.33393027698185","53.33393027698185","53.33393027698185","75.9005708951984","75.9005708951984","75.9005708951984","","","","","","","","",""
"825.34982296","","","","","","","","","","59.31382275132275","59.31382275132275","59.31382275132275","47.220568783068785","47.220568783068785","47.220568783068785","65.96700752950753","65.96700752950753","65.96700752950753"
"825.424106881","66.54619258487453","66.54619258487453","66.54619258487453","53.33393027698185","53.33393027698185","53.33393027698185","75.9005708951984","75.9005708951984","75.9005708951984","","","","","","","","",""
"840.345537666","","","","","","","","","","59.31382275132275","59.31382275132275","59.31382275132275","47.220568783068785","47.220568783068785","47.220568783068785","65.96700752950753","65.96700752950753","65.96700752950753"
"840.430859497","66.54619258487453","66.54619258487453","66.54619258487453","53.33393027698185","53.33393027698185","53.33393027698185","75.9005708951984","75.9005708951984","75.9005708951984","","","","","","","","",""
"855.339911907","","","","","","","","","","59.31382275132275","59.31382275132275","59.31382275132275","47.220568783068785","47.220568783068785","47.220568783068785","65.96700752950753","65.96700752950753","65.96700752950753"
"855.419887386","66.54619258487453","66.54619258487453","66.54619258487453","53.33393027698185","53.33393027698185","53.33393027698185","75.9005708951984","75.9005708951984","75.9005708951984","","","","","","","","",""
"870.338247502","","","","","","","","","","59.31382275132275","59.31382275132275","59.31382275132275","47.220568783068785","47.220568783068785","47.220568783068785","65.96700752950753","65.96700752950753","65.96700752950753"
"870.424936801","66.54619258487453","66.54619258487453","66.54619258487453","53.33393027698185","53.33393027698185","53.33393027698185","75.9005708951984","75.9005708951984","75.9005708951984","","","","","","","","",""
"885.344729279","","","","","","","","","","59.31382275132275","59.31382275132275","59.31382275132275","47.220568783068785","47.220568783068785","47.220568783068785","65.96700752950753","65.96700752950753","65.96700752950753"
"885.431769292","66.54619258487453","66.54619258487453","66.54619258487453","53.33393027698185","53.33393027698185","53.33393027698185","75.9005708951984","75.9005708951984","75.9005708951984","","","","","","","","",""
"900.345166979","","","","","","","","","","59.31382275132275","59.31382275132275","59.31382275132275","47.220568783068785","47.220568783068785","47.220568783068785","65.96700752950753","65.96700752950753","65.96700752950753"
"900.420194761","66.54619258487453","66.54619258487453","66.54619258487453","53.33393027698185","53.33393027698185","53.33393027698185","75.9005708951984","75.9005708951984","75.9005708951984","","","","","","","","",""
"915.340167961","","","","","","","","","","59.31382275132275","59.31382275132275","59.31382275132275","47.220568783068785","47.220568783068785","47.220568783068785","65.96700752950753","65.96700752950753","65.96700752950753"
"915.43284496","66.54619258487453","66.54619258487453","66.54619258487453","53.33393027698185","53.33393027698185","53.33393027698185","75.9005708951984","75.9005708951984","75.9005708951984","","","","","","","","",""
"930.349344914","","","","","","","","","","59.31382275132275","59.31382275132275","59.31382275132275","47.220568783068785","47.220568783068785","47.220568783068785","65.96700752950753","65.96700752950753","65.96700752950753"
"930.423680269","66.54619258487453","66.54619258487453","66.54619258487453","53.33393027698185","53.33393027698185","53.33393027698185","75.9005708951984","75.9005708951984","75.9005708951984","","","","","","","","",""
"945.339756593","","","","","","","","","","59.31382275132275","59.31382275132275","59.31382275132275","47.220568783068785","47.220568783068785","47.220568783068785","65.96700752950753","65.96700752950753","65.96700752950753"
"945.438440674","66.54619258487453","66.54619258487453","66.54619258487453","53.33393027698185","53.33393027698185","53.33393027698185","75.9005708951984","75.9005708951984","75.9005708951984","","","","","","","","",""
"960.352480151","","","","","","","","","","59.31382275132275","59.31382275132275","59.31382275132275","47.220568783068785","47.220568783068785","47.220568783068785","65.96700752950753","65.96700752950753","65.96700752950753"
"960.424429316","66.54619258487453","66.54619258487453","66.54619258487453","53.33393027698185","53.33393027698185","53.33393027698185","75.9005708951984","75.9005708951984","75.9005708951984","","","","","","","","",""
"975.341170825","","","","","","","","","","59.31382275132275","59.31382275132275","59.31382275132275","47.220568783068785","47.220568783068785","47.220568783068785","65.96700752950753","65.96700752950753","65.96700752950753"
"975.41717113","66.54619258487453","66.54619258487453","66.54619258487453","53.33393027698185","53.33393027698185","53.33393027698185","75.9005708951984","75.9005708951984","75.9005708951984","","","","","","","","",""
"990.34600256","","","","","","","","","","59.31382275132275","59.31382275132275","59.31382275132275","47.220568783068785","47.220568783068785","47.220568783068785","65.96700752950753","65.96700752950753","65.96700752950753"
"990.423028838","66.54619258487453","66.54619258487453","66.54619258487453","53.33393027698185","53.33393027698185","53.33393027698185","75.9005708951984","75.9005708951984","75.9005708951984","","","","","","","","",""
"1005.341982072","","","","","","","","","","59.31382275132275","59.31382275132275","59.31382275132275","47.220568783068785","47.220568783068785","47.220568783068785","65.96700752950753","65.96700752950753","65.96700752950753"
"1005.433252807","66.54619258487453","66.54619258487453","66.54619258487453","53.33393027698185","53.33393027698185","53.33393027698185","75.9005708951984","75.9005708951984","75.9005708951984","","","","","","","","",""
"1020.347923838","","","","","","","","","","59.31382275132275","59.31382275132275","59.31382275132275","47.220568783068785","47.220568783068785","47.220568783068785","65.96700752950753","65.96700752950753","65.96700752950753"
"1020.420543239","66.54619258487453","66.54619258487453","66.54619258487453","53.33393027698185","53.33393027698185","53.33393027698185","75.9005708951984","75.9005708951984","75.9005708951984","","","","","","","","",""
"1035.346035181","","","","","","","","","","59.31382275132275","59.31382275132275","59.31382275132275","55.7309472934473","55.7309472934473","55.7309472934473","65.96700752950753","65.96700752950753","65.96700752950753"
"1035.420477357","66.54619258487453","66.54619258487453","66.54619258487453","53.33393027698185","53.33393027698185","53.33393027698185","75.9005708951984","75.9005708951984","75.9005708951984","","","","","","","","",""
"1050.339175415","","","","","","","","","","59.31382275132275","59.31382275132275","59.31382275132275","55.7309472934473","55.7309472934473","55.7309472934473","65.96700752950753","65.96700752950753","65.96700752950753"
"1050.425292234","66.54619258487453","66.54619258487453","66.54619258487453","53.33393027698185","53.33393027698185","53.33393027698185","75.9005708951984","75.9005708951984","75.9005708951984","","","","","","","","",""
"1065.349929624","","","","","","","","","","59.31382275132275","59.31382275132275","59.31382275132275","55.7309472934473","55.7309472934473","55.7309472934473","65.96700752950753","65.96700752950753","65.96700752950753"
"1065.421857262","66.54619258487453","66.54619258487453","66.54619258487453","53.33393027698185","53.33393027698185","53.33393027698185","75.9005708951984","75.9005708951984","75.9005708951984","","","","","","","","",""
"1080.345817456","","","","","","","","","","59.31382275132275","59.31382275132275","59.31382275132275","55.7309472934473","55.7309472934473","55.7309472934473","65.96700752950753","65.96700752950753","65.96700752950753"
"1080.426645944","66.54619258487453","66.54619258487453","66.54619258487453","53.33393027698185","53.33393027698185","53.33393027698185","75.9005708951984","75.9005708951984","75.9005708951984","","","","","","","","",""
"1095.341852457","","","","","","","","","","59.31382275132275","59.31382275132275","59.31382275132275","55.7309472934473","55.7309472934473","55.7309472934473","65.96700752950753","65.96700752950753","65.96700752950753"
"1095.418976219","66.54619258487453","66.54619258487453","66.54619258487453","53.33393027698185","53.33393027698185","53.33393027698185","75.9005708951984","75.9005708951984","75.9005708951984","","","","","","","","",""
"1110.340130392","","","","","","","","","","59.31382275132275","59.31382275132275","59.31382275132275","55.7309472934473","55.7309472934473","55.7309472934473","65.96700752950753","65.96700752950753","65.96700752950753"
"1110.422077813","66.54619258487453","66.54619258487453","66.54619258487453","53.33393027698185","53.33393027698185","53.33393027698185","75.9005708951984","75.9005708951984","75.9005708951984","","","","","","","","",""
"1125.339048592","","","","","","","","","","59.31382275132275","59.31382275132275","59.31382275132275","55.7309472934473","55.7309472934473","55.7309472934473","65.96700752950753","65.96700752950753","65.96700752950753"
"1125.422857928","66.54619258487453","66.54619258487453","66.54619258487453","53.33393027698185","53.33393027698185","53.33393027698185","75.9005708951984","75.9005708951984","75.9005708951984","","","","","","","","",""
"1140.336617479","","","","","","","","","","59.31382275132275","59.31382275132275","59.31382275132275","55.7309472934473","55.7309472934473","55.7309472934473","65.96700752950753","65.96700752950753","65.96700752950753"
"1140.424986926","66.54619258487453","66.54619258487453","66.54619258487453","53.33393027698185","53.33393027698185","53.33393027698185","75.9005708951984","75.9005708951984","75.9005708951984","","","","","","","","",""
"1155.345801377","","","","","","","","","","59.31382275132275","59.31382275132275","59.31382275132275","55.7309472934473","55.7309472934473","55.7309472934473","65.96700752950753","65.96700752950753","65.96700752950753"
"1155.437629909","66.54619258487453","66.54619258487453","66.54619258487453","53.33393027698185","53.33393027698185","53.33393027698185","75.9005708951984","75.9005708951984","75.9005708951984","","","","","","","","",""
"1170.340045769","","","","","","","","","","59.31382275132275","59.31382275132275","59.31382275132275","55.7309472934473","55.7309472934473","55.7309472934473","65.96700752950753","65.96700752950753","65.96700752950753"
"1170.436651789","66.54619258487453","66.54619258487453","66.54619258487453","53.33393027698185","53.33393027698185","53.33393027698185","75.9005708951984","75.9005708951984","75.9005708951984","","","","","","","","",""
"1185.344792216","","","","","","","","","","59.31382275132275","59.31382275132275","59.31382275132275","55.7309472934473","55.7309472934473","55.7309472934473","65.96700752950753","65.96700752950753","65.96700752950753"
"1185.417959956","66.54619258487453","66.54619258487453","66.54619258487453","53.33393027698185","53.33393027698185","53.33393027698185","75.9005708951984","75.9005708951984","75.9005708951984","","","","","","","","",""
"1200.3562925","","","","","","","","","","59.31382275132275","59.31382275132275","59.31382275132275","55.7309472934473","55.7309472934473","55.7309472934473","65.96700752950753","65.96700752950753","65.96700752950753"
"1200.428648612","66.54619258487453","66.54619258487453","66.54619258487453","53.33393027698185","53.33393027698185","53.33393027698185","75.9005708951984","75.9005708951984","75.9005708951984","","","","","","","","",""
"1215.345140189","","","","","","","","","","59.31382275132275","59.31382275132275","59.31382275132275","55.7309472934473","55.7309472934473","55.7309472934473","65.96700752950753","65.96700752950753","65.96700752950753"
"1215.420516898","66.54619258487453","66.54619258487453","66.54619258487453","62.93278414517669","62.93278414517669","62.93278414517669","75.9005708951984","75.9005708951984","75.9005708951984","","","","","","","","",""
"1230.341497372","","","","","","","","","","59.31382275132275","59.31382275132275","59.31382275132275","55.7309472934473","55.7309472934473","55.7309472934473","65.96700752950753","65.96700752950753","65.96700752950753"
"1230.429500349","66.54619258487453","66.54619258487453","66.54619258487453","62.93278414517669","62.93278414517669","62.93278414517669","75.9005708951984","75.9005708951984","75.9005708951984","","","","","","","","",""
"1245.355998371","","","","","","","","","","59.31382275132275","59.31382275132275","59.31382275132275","55.7309472934473","55.7309472934473","55.7309472934473","65.96700752950753","65.96700752950753","65.96700752950753"
"1245.426375964","66.54619258487453","66.54619258487453","66.54619258487453","62.93278414517669","62.93278414517669","62.93278414517669","75.9005708951984","75.9005708951984","75.9005708951984","","","","","","","","",""
"1260.349533901","","","","","","","","","","59.31382275132275","59.31382275132275","59.31382275132275","55.7309472934473","55.7309472934473","55.7309472934473","65.96700752950753","65.96700752950753","65.96700752950753"
"1260.425708721","66.54619258487453","66.54619258487453","66.54619258487453","62.93278414517669","62.93278414517669","62.93278414517669","75.9005708951984","75.9005708951984","75.9005708951984","","","","","","","","",""
"1275.347368183","","","","","","","","","","59.31382275132275","59.31382275132275","59.31382275132275","55.7309472934473","55.7309472934473","55.7309472934473","65.96700752950753","65.96700752950753","65.96700752950753"
"1275.429485666","66.54619258487453","66.54619258487453","66.54619258487453","62.93278414517669","62.93278414517669","62.93278414517669","75.9005708951984","75.9005708951984","75.9005708951984","","","","","","","","",""
"1290.34504371","","","","","","","","","","59.31382275132275","59.31382275132275","59.31382275132275","55.7309472934473","55.7309472934473","55.7309472934473","65.96700752950753","65.96700752950753","65.96700752950753"
"1290.42929978","66.54619258487453","66.54619258487453","66.54619258487453","62.93278414517669","62.93278414517669","62.93278414517669","75.9005708951984","75.9005708951984","75.9005708951984","","","","","","","","",""
"1305.34210074","","","","","","","","","","59.31382275132275","59.31382275132275","59.31382275132275","55.7309472934473","55.7309472934473","55.7309472934473","65.96700752950753","65.96700752950753","65.96700752950753"
"1305.415913371","66.54619258487453","66.54619258487453","66.54619258487453","62.93278414517669","62.93278414517669","62.93278414517669","75.9005708951984","75.9005708951984","75.9005708951984","","","","","","","","",""
"1320.350259515","","","","","","","","","","59.31382275132275","59.31382275132275","59.31382275132275","55.7309472934473","55.7309472934473","55.7309472934473","65.96700752950753","65.96700752950753","65.96700752950753"
"1320.424746456","66.54619258487453","66.54619258487453","66.54619258487453","62.93278414517669","62.93278414517669","62.93278414517669","75.9005708951984","75.9005708951984","75.9005708951984","","","","","","","","",""
"1335.349971358","","","","","","","","","","59.31382275132275","59.31382275132275","59.31382275132275","55.7309472934473","55.7309472934473","55.7309472934473","65.96700752950753","65.96700752950753","65.96700752950753"
"1335.430453671","66.54619258487453","66.54619258487453","66.54619258487453","62.93278414517669","62.93278414517669","62.93278414517669","75.9005708951984","75.9005708951984","75.9005708951984","","","","","","","","",""
"1350.345264857","","","","","","","","","","59.31382275132275","59.31382275132275","59.31382275132275","55.7309472934473","55.7309472934473","55.7309472934473","65.96700752950753","65.96700752950753","65.96700752950753"
"1350.426812185","66.54619258487453","66.54619258487453","66.54619258487453","62.93278414517669","62.93278414517669","62.93278414517669","75.9005708951984","75.9005708951984","75.9005708951984","","","","","","","","",""
"1365.344557551","","","","","","","","","","59.31382275132275","59.31382275132275","59.31382275132275","55.7309472934473","55.7309472934473","55.7309472934473","65.96700752950753","65.96700752950753","65.96700752950753"
"1365.436446461","66.54619258487453","66.54619258487453","66.54619258487453","62.93278414517669","62.93278414517669","62.93278414517669","75.9005708951984","75.9005708951984","75.9005708951984","","","","","","","","",""
"1380.352125211","","","","","","","","","","59.31382275132275","59.31382275132275","59.31382275132275","55.7309472934473","55.7309472934473","55.7309472934473","65.96700752950753","65.96700752950753","65.96700752950753"
"1380.422330806","66.54619258487453","66.54619258487453","66.54619258487453","62.93278414517669","62.93278414517669","62.93278414517669","75.9005708951984","75.9005708951984","75.9005708951984","","","","","","","","",""
"1395.347434643","","","","","","","","","","59.31382275132275","59.31382275132275","59.31382275132275","55.7309472934473","55.7309472934473","55.7309472934473","65.96700752950753","65.96700752950753","65.96700752950753"
"1395.445341866","66.54619258487453","66.54619258487453","66.54619258487453","62.93278414517669","62.93278414517669","62.93278414517669","75.9005708951984","75.9005708951984","75.9005708951984","","","","","","","","",""
"1410.346884571","","","","","","","","","","59.31382275132275","59.31382275132275","59.31382275132275","55.7309472934473","55.7309472934473","55.7309472934473","65.96700752950753","65.96700752950753","65.96700752950753"
"1410.423567673","66.54619258487453","66.54619258487453","66.54619258487453","62.93278414517669","62.93278414517669","62.93278414517669","75.9005708951984","75.9005708951984","75.9005708951984","","","","","","","","",""
"1425.34505934","","","","","","","","","","59.31382275132275","59.31382275132275","59.31382275132275","55.7309472934473","55.7309472934473","55.7309472934473","65.96700752950753","65.96700752950753","65.96700752950753"
"1425.428905239","66.54619258487453","66.54619258487453","66.54619258487453","62.93278414517669","62.93278414517669","62.93278414517669","75.9005708951984","75.9005708951984","75.9005708951984","","","","","","","","",""
"1440.35559947","","","","","","","","","","59.31382275132275","59.31382275132275","59.31382275132275","55.7309472934473","55.7309472934473","55.7309472934473","65.96700752950753","65.96700752950753","65.96700752950753"
"1440.426428802","66.54619258487453","66.54619258487453","66.54619258487453","62.93278414517669","62.93278414517669","62.93278414517669","75.9005708951984","75.9005708951984","75.9005708951984","","","","","","","","",""
"1455.35186714","","","","","","","","","","59.31382275132275","59.31382275132275","59.31382275132275","55.7309472934473","55.7309472934473","55.7309472934473","65.96700752950753","65.96700752950753","65.96700752950753"
"1455.420697082","66.54619258487453","66.54619258487453","66.54619258487453","62.93278414517669","62.93278414517669","62.93278414517669","75.9005708951984","75.9005708951984","75.9005708951984","","","","","","","","",""
"1470.350260112","","","","","","","","","","59.31382275132275","59.31382275132275","59.31382275132275","55.7309472934473","55.7309472934473","55.7309472934473","65.96700752950753","65.96700752950753","65.96700752950753"
"1470.42515196","66.54619258487453","66.54619258487453","66.54619258487453","62.93278414517669","62.93278414517669","62.93278414517669","75.9005708951984","75.9005708951984","75.9005708951984","","","","","","","","",""
"1485.345506033","","","","","","","","","","59.31382275132275","59.31382275132275","59.31382275132275","55.7309472934473","55.7309472934473","55.7309472934473","65.96700752950753","65.96700752950753","65.96700752950753"
"1485.430583807","66.54619258487453","66.54619258487453","66.54619258487453","62.93278414517669","62.93278414517669","62.93278414517669","75.9005708951984","75.9005708951984","75.9005708951984","","","","","","","","",""
"1500.343731395","","","","","","","","","","59.31382275132275","59.31382275132275","59.31382275132275","55.7309472934473","55.7309472934473","55.7309472934473","65.96700752950753","65.96700752950753","65.96700752950753"
"1500.426072218","66.54619258487453","66.54619258487453","66.54619258487453","62.93278414517669","62.93278414517669","62.93278414517669","75.9005708951984","75.9005708951984","75.9005708951984","","","","","","","","",""
"1515.350306805","","","","","","","","","","59.31382275132275","59.31382275132275","59.31382275132275","55.7309472934473","55.7309472934473","55.7309472934473","65.96700752950753","65.96700752950753","65.96700752950753"
"1515.440321905","66.54619258487453","66.54619258487453","66.54619258487453","62.93278414517669","62.93278414517669","62.93278414517669","75.9005708951984","75.9005708951984","75.9005708951984","","","","","","","","",""
"1530.345664343","","","","","","","","","","59.31382275132275","59.31382275132275","59.31382275132275","55.7309472934473","55.7309472934473","55.7309472934473","65.96700752950753","65.96700752950753","65.96700752950753"
"1530.427908323","66.54619258487453","66.54619258487453","66.54619258487453","62.93278414517669","62.93278414517669","62.93278414517669","75.9005708951984","75.9005708951984","75.9005708951984","","","","","","","","",""
"1545.353748536","","","","","","","","","","59.31382275132275","59.31382275132275","59.31382275132275","55.7309472934473","55.7309472934473","55.7309472934473","65.96700752950753","65.96700752950753","65.96700752950753"
"1545.432419684","66.54619258487453","66.54619258487453","66.54619258487453","62.93278414517669","62.93278414517669","62.93278414517669","75.9005708951984","75.9005708951984","75.9005708951984","","","","","","","","",""
"1560.339188205","","","","","","","","","","67.22184065934066","67.22184065934066","67.22184065934066","63.643035205535206","63.643035205535206","63.643035205535206","73.87909544159544","73.87909544159544","73.87909544159544"
"1560.426828286","66.54619258487453","66.54619258487453","66.54619258487453","62.93278414517669","62.93278414517669","62.93278414517669","75.9005708951984","75.9005708951984","75.9005708951984","","","","","","","","",""
"1575.3397359","","","","","","","","","","67.22184065934066","67.22184065934066","67.22184065934066","63.643035205535206","63.643035205535206","63.643035205535206","73.87909544159544","73.87909544159544","73.87909544159544"
"1575.426287578","66.54619258487453","66.54619258487453","66.54619258487453","62.93278414517669","62.93278414517669","62.93278414517669","75.9005708951984","75.9005708951984","75.9005708951984","","","","","","","","",""
"1590.341525461","","","","","","","","","","67.22184065934066","67.22184065934066","67.22184065934066","63.643035205535206","63.643035205535206","63.643035205535206","73.87909544159544","73.87909544159544","73.87909544159544"
"1590.418496211","66.54619258487453","66.54619258487453","66.54619258487453","62.93278414517669","62.93278414517669","62.93278414517669","75.9005708951984","75.9005708951984","75.9005708951984","","","","","","","","",""
"1605.348383423","","","","","","","","","","67.22184065934066","67.22184065934066","67.22184065934066","63.643035205535206","63.643035205535206","63.643035205535206","73.87909544159544","73.87909544159544","73.87909544159544"
"1605.431797465","66.54619258487453","66.54619258487453","66.54619258487453","62.93278414517669","62.93278414517669","62.93278414517669","75.9005708951984","75.9005708951984","75.9005708951984","","","","","","","","",""
"1620.383935041","","","","","","","","","","67.22184065934066","67.22184065934066","67.22184065934066","63.643035205535206","63.643035205535206","63.643035205535206","73.87909544159544","73.87909544159544","73.87909544159544"
"1620.429444383","66.54619258487453","66.54619258487453","66.54619258487453","62.93278414517669","62.93278414517669","62.93278414517669","75.9005708951984","75.9005708951984","75.9005708951984","","","","","","","","",""
"1635.339836535","","","","","","","","","","67.22184065934066","67.22184065934066","67.22184065934066","63.643035205535206","63.643035205535206","63.643035205535206","73.87909544159544","73.87909544159544","73.87909544159544"
"1635.425667295","66.54619258487453","66.54619258487453","66.54619258487453","62.93278414517669","62.93278414517669","62.93278414517669","75.9005708951984","75.9005708951984","75.9005708951984","","","","","","","","",""
"1650.342334254","","","","","","","","","","67.22184065934066","67.22184065934066","67.22184065934066","63.643035205535206","63.643035205535206","63.643035205535206","73.87909544159544","73.87909544159544","73.87909544159544"
"1650.421133733","66.54619258487453","66.54619258487453","66.54619258487453","62.93278414517669","62.93278414517669","62.93278414517669","75.9005708951984","75.9005708951984","75.9005708951984","","","","","","","","",""
"1665.348440501","","","","","","","","","","67.22184065934066","67.22184065934066","67.22184065934066","63.643035205535206","63.643035205535206","63.643035205535206","73.87909544159544","73.87909544159544","73.87909544159544"
"1665.414834693","66.54619258487453","66.54619258487453","66.54619258487453","62.93278414517669","62.93278414517669","62.93278414517669","75.9005708951984","75.9005708951984","75.9005708951984","","","","","","","","",""
"1680.361390891","","","","","","","","","","67.22184065934066","67.22184065934066","67.22184065934066","63.643035205535206","63.643035205535206","63.643035205535206","73.87909544159544","73.87909544159544","73.87909544159544"
"1680.419817691","66.54619258487453","66.54619258487453","66.54619258487453","62.93278414517669","62.93278414517669","62.93278414517669","75.9005708951984","75.9005708951984","75.9005708951984","","","","","","","","",""
"1695.337975767","","","","","","","","","","67.22184065934066","67.22184065934066","67.22184065934066","63.643035205535206","63.643035205535206","63.643035205535206","73.87909544159544","73.87909544159544","73.87909544159544"
"1695.434031178","66.54619258487453","66.54619258487453","66.54619258487453","62.93278414517669","62.93278414517669","62.93278414517669","75.9005708951984","75.9005708951984","75.9005708951984","","","","","","","","",""
"1710.339373145","","","","","","","","","","67.22184065934066","67.22184065934066","67.22184065934066","63.643035205535206","63.643035205535206","63.643035205535206","73.87909544159544","73.87909544159544","73.87909544159544"
"1710.419836197","66.54619258487453","66.54619258487453","66.54619258487453","62.93278414517669","62.93278414517669","62.93278414517669","75.9005708951984","75.9005708951984","75.9005708951984","","","","","","","","",""
"1725.344671716","","","","","","","","","","67.22184065934066","67.22184065934066","67.22184065934066","63.643035205535206","63.643035205535206","63.643035205535206","73.87909544159544","73.87909544159544","73.87909544159544"
"1725.439280031","66.54619258487453","66.54619258487453","66.54619258487453","62.93278414517669","62.93278414517669","62.93278414517669","75.9005708951984","75.9005708951984","75.9005708951984","","","","","","","","",""
"1740.343212661","","","","","","","","","","67.22184065934066","67.22184065934066","67.22184065934066","63.643035205535206","63.643035205535206","63.643035205535206","73.87909544159544","73.87909544159544","73.87909544159544"
"1740.416473805","66.54619258487453","66.54619258487453","66.54619258487453","62.93278414517669","62.93278414517669","62.93278414517669","75.9005708951984","75.9005708951984","75.9005708951984","","","","","","","","",""
"1755.376557994","","","","","","","","","","67.22184065934066","67.22184065934066","67.22184065934066","63.643035205535206","63.643035205535206","63.643035205535206","73.87909544159544","73.87909544159544","73.87909544159544"
"1755.425946311","66.54619258487453","66.54619258487453","66.54619258487453","63.32351089693496","63.32351089693496","63.32351089693496","75.9005708951984","75.9005708951984","75.9005708951984","","","","","","","","",""
"1770.344749918","","","","","","","","","","67.22184065934066","67.22184065934066","67.22184065934066","63.643035205535206","63.643035205535206","63.643035205535206","73.87909544159544","73.87909544159544","73.87909544159544"
"1770.431341941","66.54619258487453","66.54619258487453","66.54619258487453","63.32351089693496","63.32351089693496","63.32351089693496","75.9005708951984","75.9005708951984","75.9005708951984","","","","","","","","",""
"1785.340727635","","","","","","","","","","67.22184065934066","67.22184065934066","67.22184065934066","63.643035205535206","63.643035205535206","63.643035205535206","73.87909544159544","73.87909544159544","73.87909544159544"
"1785.42697814","66.54619258487453","66.54619258487453","66.54619258487453","63.32351089693496","63.32351089693496","63.32351089693496","75.9005708951984","75.9005708951984","75.9005708951984","","","","","","","","",""
"1800.341190315","","","","","","","","","","67.22184065934066","67.22184065934066","67.22184065934066","63.643035205535206","63.643035205535206","63.643035205535206","73.87909544159544","73.87909544159544","73.87909544159544"
"1800.450233877","66.54619258487453","66.54619258487453","66.54619258487453","63.32351089693496","63.32351089693496","63.32351089693496","75.9005708951984","75.9005708951984","75.9005708951984","","","","","","","","",""
"1815.342976525","","","","","","","","","","67.22184065934066","67.22184065934066","67.22184065934066","63.643035205535206","63.643035205535206","63.643035205535206","73.87909544159544","73.87909544159544","73.87909544159544"
"1815.410476478","74.9815490145003","74.9815490145003","74.9815490145003","71.7632087349136","71.7632087349136","71.7632087349136","84.34026873317704","84.34026873317704","84.34026873317704","","","","","","","","",""
"1830.344517124","","","","","","","","","","67.22184065934066","67.22184065934066","67.22184065934066","63.643035205535206","63.643035205535206","63.643035205535206","73.87909544159544","73.87909544159544","73.87909544159544"
"1830.414552398","74.9815490145003","74.9815490145003","74.9815490145003","71.7632087349136","71.7632087349136","71.7632087349136","84.34026873317704","84.34026873317704","84.34026873317704","","","","","","","","",""
"1845.328868479","","","","","","","","","","67.22184065934066","67.22184065934066","67.22184065934066","63.643035205535206","63.643035205535206","63.643035205535206","73.87909544159544","73.87909544159544","73.87909544159544"
"1845.422590656","74.9815490145003","74.9815490145003","74.9815490145003","71.7632087349136","71.7632087349136","71.7632087349136","84.34026873317704","84.34026873317704","84.34026873317704","","","","","","","","",""
"1860.347353115","","","","","","","","","","67.22184065934066","67.22184065934066","67.22184065934066","63.643035205535206","63.643035205535206","63.643035205535206","73.90758547008546","73.90758547008546","73.90758547008546"
"1860.398734286","74.9815490145003","74.9815490145003","74.9815490145003","71.7632087349136","71.7632087349136","71.7632087349136","84.34026873317704","84.34026873317704","84.34026873317704","","","","","","","","",""
"1875.348055444","","","","","","","","","","67.22184065934066","67.22184065934066","67.22184065934066","63.643035205535206","63.643035205535206","63.643035205535206","73.90758547008546","73.90758547008546","73.90758547008546"
"1875.428745719","74.9815490145003","74.9815490145003","74.9815490145003","71.7632087349136","71.7632087349136","71.7632087349136","84.34026873317704","84.34026873317704","84.34026873317704","","","","","","","","",""
"1890.339928076","","","","","","","","","","67.22184065934066","67.22184065934066","67.22184065934066","63.643035205535206","63.643035205535206","63.643035205535206","73.90758547008546","73.90758547008546","73.90758547008546"
"1890.424115193","74.9815490145003","74.9815490145003","74.9815490145003","71.7632087349136","71.7632087349136","71.7632087349136","84.34026873317704","84.34026873317704","84.34026873317704","","","","","","","","",""
"1905.348094153","","","","","","","","","","67.22184065934066","67.22184065934066","67.22184065934066","63.643035205535206","63.643035205535206","63.643035205535206","73.90758547008546","73.90758547008546","73.90758547008546"
"1905.439467171","74.9815490145003","74.9815490145003","74.9815490145003","71.7632087349136","71.7632087349136","71.7632087349136","84.34026873317704","84.34026873317704","84.34026873317704","","","","","","","","",""
"1920.343658594","","","","","","","","","","67.22184065934066","67.22184065934066","67.22184065934066","63.643035205535206","63.643035205535206","63.643035205535206","73.90758547008546","73.90758547008546","73.90758547008546"
"1920.423823267","74.9815490145003","74.9815490145003","74.9815490145003","71.7632087349136","71.7632087349136","71.7632087349136","84.34026873317704","84.34026873317704","84.34026873317704","","","","","","","","",""
"1935.350770438","","","","","","","","","","67.22184065934066","67.22184065934066","67.22184065934066","63.643035205535206","63.643035205535206","63.643035205535206","73.90758547008546","73.90758547008546","73.90758547008546"
"1935.422414603","74.9815490145003","74.9815490145003","74.9815490145003","71.7632087349136","71.7632087349136","71.7632087349136","84.34026873317704","84.34026873317704","84.34026873317704","","","","","","","","",""
"1950.354242317","","","","","","","","","","67.22184065934066","67.22184065934066","67.22184065934066","63.643035205535206","63.643035205535206","63.643035205535206","73.90758547008546","73.90758547008546","73.90758547008546"
"1950.428164604","74.9815490145003","74.9815490145003","74.9815490145003","71.7632087349136","71.7632087349136","71.7632087349136","84.34026873317704","84.34026873317704","84.34026873317704","","","","","","","","",""
"1965.348950318","","","","","","","","","","67.22184065934066","67.22184065934066","67.22184065934066","63.643035205535206","63.643035205535206","63.643035205535206","73.90758547008546","73.90758547008546","73.90758547008546"
"1965.421498175","74.9815490145003","74.9815490145003","74.9815490145003","71.7632087349136","71.7632087349136","71.7632087349136","84.34026873317704","84.34026873317704","84.34026873317704","","","","","","","","",""
"1980.350863246","","","","","","","","","","67.22184065934066","67.22184065934066","67.22184065934066","63.643035205535206","63.643035205535206","63.643035205535206","73.90758547008546","73.90758547008546","73.90758547008546"
"1980.434696511","74.9815490145003","74.9815490145003","74.9815490145003","71.7632087349136","71.7632087349136","71.7632087349136","84.34026873317704","84.34026873317704","84.34026873317704","","","","","","","","",""
"1995.349140415","","","","","","","","","","67.22184065934066","67.22184065934066","67.22184065934066","63.643035205535206","63.643035205535206","63.643035205535206","73.90758547008546","73.90758547008546","73.90758547008546"
"1995.433465408","74.9815490145003","74.9815490145003","74.9815490145003","71.7632087349136","71.7632087349136","71.7632087349136","84.34026873317704","84.34026873317704","84.34026873317704","","","","","","","","",""
"2010.34152086","","","","","","","","","","67.22184065934066","67.22184065934066","67.22184065934066","63.643035205535206","63.643035205535206","63.643035205535206","73.90758547008546","73.90758547008546","73.90758547008546"
"2010.420289417","74.9815490145003","74.9815490145003","74.9815490145003","71.7632087349136","71.7632087349136","71.7632087349136","84.34026873317704","84.34026873317704","84.34026873317704","","","","","","","","",""
"2025.339303119","","","","","","","","","","67.22184065934066","67.22184065934066","67.22184065934066","63.643035205535206","63.643035205535206","63.643035205535206","73.90758547008546","73.90758547008546","73.90758547008546"
"2025.42867384","74.9815490145003","74.9815490145003","74.9815490145003","71.7632087349136","71.7632087349136","71.7632087349136","84.34026873317704","84.34026873317704","84.34026873317704","","","","","","","","",""
"2040.337435412","","","","","","","","","","67.22184065934066","67.22184065934066","67.22184065934066","63.643035205535206","63.643035205535206","63.643035205535206","73.90758547008546","73.90758547008546","73.90758547008546"
"2040.421142437","74.9815490145003","74.9815490145003","74.9815490145003","71.7632087349136","71.7632087349136","71.7632087349136","84.34026873317704","84.34026873317704","84.34026873317704","","","","","","","","",""
"2055.340931272","","","","","","","","","","67.22184065934066","67.22184065934066","67.22184065934066","63.643035205535206","63.643035205535206","63.643035205535206","73.90758547008546","73.90758547008546","73.90758547008546"
"2055.418364537","74.9815490145003","74.9815490145003","74.9815490145003","71.7632087349136","71.7632087349136","71.7632087349136","84.34026873317704","84.34026873317704","84.34026873317704","","","","","","","","",""
"2070.344744837","","","","","","","","","","67.22184065934066","67.22184065934066","67.22184065934066","63.643035205535206","63.643035205535206","63.643035205535206","73.90758547008546","73.90758547008546","73.90758547008546"
"2070.420010553","74.9815490145003","74.9815490145003","74.9815490145003","71.7632087349136","71.7632087349136","71.7632087349136","84.34026873317704","84.34026873317704","84.34026873317704","","","","","","","","",""
"2085.352474311","","","","","","","","","","67.22184065934066","67.22184065934066","67.22184065934066","63.643035205535206","63.643035205535206","63.643035205535206","73.90758547008546","73.90758547008546","73.90758547008546"
"2085.422918924","74.9815490145003","74.9815490145003","74.9815490145003","71.7632087349136","71.7632087349136","71.7632087349136","84.34026873317704","84.34026873317704","84.34026873317704","","","","","","","","",""
"2100.346727972","","","","","","","","","","67.22184065934066","67.22184065934066","67.22184065934066","63.643035205535206","63.643035205535206","63.643035205535206","73.90758547008546","73.90758547008546","73.90758547008546"
"2100.420321898","74.9815490145003","74.9815490145003","74.9815490145003","71.7632087349136","71.7632087349136","71.7632087349136","84.34026873317704","84.34026873317704","84.34026873317704","","","","","","","","",""
"2115.344546333","","","","","","","","","","67.22184065934066","67.22184065934066","67.22184065934066","63.643035205535206","63.643035205535206","63.643035205535206","73.90758547008546","73.90758547008546","73.90758547008546"
"2115.416527697","74.9815490145003","74.9815490145003","74.9815490145003","71.7632087349136","71.7632087349136","71.7632087349136","84.34026873317704","84.34026873317704","84.34026873317704","","","","","","","","",""
"2130.349582386","","","","","","","","","","67.22184065934066","67.22184065934066","67.22184065934066","63.643035205535206","63.643035205535206","63.643035205535206","73.90758547008546","73.90758547008546","73.90758547008546"
"2130.42860064","74.9815490145003","74.9815490145003","74.9815490145003","71.7632087349136","71.7632087349136","71.7632087349136","84.34026873317704","84.34026873317704","84.34026873317704","","","","","","","","",""
"2145.343631593","","","","","","","","","","67.22184065934066","67.22184065934066","67.22184065934066","63.643035205535206","63.643035205535206","63.643035205535206","73.90758547008546","73.90758547008546","73.90758547008546"
"2145.402848093","74.9815490145003","74.9815490145003","74.9815490145003","71.7632087349136","71.7632087349136","71.7632087349136","84.34026873317704","84.34026873317704","84.34026873317704","","","","","","","","",""
"2160.347993139","","","","","","","","","","67.22184065934066","67.22184065934066","67.22184065934066","63.643035205535206","63.643035205535206","63.643035205535206","73.90758547008546","73.90758547008546","73.90758547008546"
"2160.422263033","74.9815490145003","74.9815490145003","74.9815490145003","71.7632087349136","71.7632087349136","71.7632087349136","84.34026873317704","84.34026873317704","84.34026873317704","","","","","","","","",""
"2175.349214414","","","","","","","","","","67.22184065934066","67.22184065934066","67.22184065934066","63.643035205535206","63.643035205535206","63.643035205535206","73.90758547008546","73.90758547008546","73.90758547008546"
"2175.435107389","74.9815490145003","74.9815490145003","74.9815490145003","71.7632087349136","71.7632087349136","71.7632087349136","84.37065859164713","84.37065859164713","84.37065859164713","","","","","","","","",""
"2190.347124981","","","","","","","","","","67.22184065934066","67.22184065934066","67.22184065934066","63.643035205535206","63.643035205535206","63.643035205535206","73.90758547008546","73.90758547008546","73.90758547008546"
"2190.427920415","74.9815490145003","74.9815490145003","74.9815490145003","71.7632087349136","71.7632087349136","71.7632087349136","84.37065859164713","84.37065859164713","84.37065859164713","","","","","","","","",""
"2205.349622701","","","","","","","","","","67.22184065934066","67.22184065934066","67.22184065934066","63.643035205535206","63.643035205535206","63.643035205535206","73.90758547008546","73.90758547008546","73.90758547008546"
"2205.430041268","74.9815490145003","74.9815490145003","74.9815490145003","71.7632087349136","71.7632087349136","71.7632087349136","84.37065859164713","84.37065859164713","84.37065859164713","","","","","","","","",""
"2220.342220607","","","","","","","","","","67.22184065934066","67.22184065934066","67.22184065934066","63.643035205535206","63.643035205535206","63.643035205535206","73.90758547008546","73.90758547008546","73.90758547008546"
"2220.42974478","74.9815490145003","74.9815490145003","74.9815490145003","71.7632087349136","71.7632087349136","71.7632087349136","84.37065859164713","84.37065859164713","84.37065859164713","","","","","","","","",""
"2235.338849373","","","","","","","","","","67.22184065934066","67.22184065934066","67.22184065934066","63.643035205535206","63.643035205535206","63.643035205535206","73.90758547008546","73.90758547008546","73.90758547008546"
"2235.435507663","74.9815490145003","74.9815490145003","74.9815490145003","71.7632087349136","71.7632087349136","71.7632087349136","84.37065859164713","84.37065859164713","84.37065859164713","","","","","","","","",""
"2250.347124621","","","","","","","","","","67.22184065934066","67.22184065934066","67.22184065934066","63.643035205535206","63.643035205535206","63.643035205535206","73.90758547008546","73.90758547008546","73.90758547008546"
"2250.427903937","74.9815490145003","74.9815490145003","74.9815490145003","71.7632087349136","71.7632087349136","71.7632087349136","84.37065859164713","84.37065859164713","84.37065859164713","","","","","","","","",""
"2265.336726402","","","","","","","","","","67.22184065934066","67.22184065934066","67.22184065934066","63.643035205535206","63.643035205535206","63.643035205535206","73.90758547008546","73.90758547008546","73.90758547008546"
"2265.432791234","74.9815490145003","74.9815490145003","74.9815490145003","71.7632087349136","71.7632087349136","71.7632087349136","84.37065859164713","84.37065859164713","84.37065859164713","","","","","","","","",""
"2280.351288788","","","","","","","","","","67.22184065934066","67.22184065934066","67.22184065934066","63.643035205535206","63.643035205535206","63.643035205535206","73.90758547008546","73.90758547008546","73.90758547008546"
"2280.424340794","74.9815490145003","74.9815490145003","74.9815490145003","71.7632087349136","71.7632087349136","71.7632087349136","84.37065859164713","84.37065859164713","84.37065859164713","","","","","","","","",""
"2295.341835935","","","","","","","","","","67.22184065934066","67.22184065934066","67.22184065934066","63.643035205535206","63.643035205535206","63.643035205535206","73.90758547008546","73.90758547008546","73.90758547008546"
"2295.428055779","74.9815490145003","74.9815490145003","74.9815490145003","71.7632087349136","71.7632087349136","71.7632087349136","84.37065859164713","84.37065859164713","84.37065859164713","","","","","","","","",""
"2310.345552487","","","","","","","","","","67.22184065934066","67.22184065934066","67.22184065934066","63.643035205535206","63.643035205535206","63.643035205535206","73.90758547008546","73.90758547008546","73.90758547008546"
"2310.420471685","74.9815490145003","74.9815490145003","74.9815490145003","71.7632087349136","71.7632087349136","71.7632087349136","84.37065859164713","84.37065859164713","84.37065859164713","","","","","","","","",""
"2325.34242143","","","","","","","","","","67.22184065934066","67.22184065934066","67.22184065934066","63.643035205535206","63.643035205535206","63.643035205535206","73.90758547008546","73.90758547008546","73.90758547008546"
"2325.421196303","74.9815490145003","74.9815490145003","74.9815490145003","71.7632087349136","71.7632087349136","71.7632087349136","84.37065859164713","84.37065859164713","84.37065859164713","","","","","","","","",""
"2340.335946694","","","","","","","","","","67.22184065934066","67.22184065934066","67.22184065934066","63.643035205535206","63.643035205535206","63.643035205535206","73.90758547008546","73.90758547008546","73.90758547008546"
"2340.423604176","74.9815490145003","74.9815490145003","74.9815490145003","71.7632087349136","71.7632087349136","71.7632087349136","84.37065859164713","84.37065859164713","84.37065859164713","","","","","","","","",""
"2355.371412834","","","","","","","","","","67.22184065934066","67.22184065934066","67.22184065934066","63.643035205535206","63.643035205535206","63.643035205535206","73.90758547008546","73.90758547008546","73.90758547008546"
"2355.419323268","74.9815490145003","74.9815490145003","74.9815490145003","71.7632087349136","71.7632087349136","71.7632087349136","84.37065859164713","84.37065859164713","84.37065859164713","","","","","","","","",""
"2370.348281706","","","","","","","","","","67.22184065934066","67.22184065934066","67.22184065934066","63.643035205535206","63.643035205535206","63.643035205535206","73.90758547008546","73.90758547008546","73.90758547008546"
"2370.43741425","74.9815490145003","74.9815490145003","74.9815490145003","71.7632087349136","71.7632087349136","71.7632087349136","84.37065859164713","84.37065859164713","84.37065859164713","","","","","","","","",""
"2385.3458268","","","","","","","","","","67.22184065934066","67.22184065934066","67.22184065934066","63.643035205535206","63.643035205535206","63.643035205535206","73.90758547008546","73.90758547008546","73.90758547008546"
"2385.426383439","74.9815490145003","74.9815490145003","74.9815490145003","71.7632087349136","71.7632087349136","71.7632087349136","84.37065859164713","84.37065859164713","84.37065859164713","","","","","","","","",""
"2400.347941326","","","","","","","","","","67.22184065934066","67.22184065934066","67.22184065934066","63.643035205535206","63.643035205535206","63.643035205535206","73.90758547008546","73.90758547008546","73.90758547008546"
"2400.425517035","74.9815490145003","74.9815490145003","74.9815490145003","71.7632087349136","71.7632087349136","71.7632087349136","84.37065859164713","84.37065859164713","84.37065859164713","","","","","","","","",""
"2415.342781606","","","","","","","","","","67.22184065934066","67.22184065934066","67.22184065934066","63.643035205535206","63.643035205535206","63.643035205535206","73.90758547008546","73.90758547008546","73.90758547008546"
"2415.42144922","74.9815490145003","74.9815490145003","74.9815490145003","71.7632087349136","71.7632087349136","71.7632087349136","84.37065859164713","84.37065859164713","84.37065859164713","","","","","","","","",""
"2430.348744146","","","","","","","","","","67.22184065934066","67.22184065934066","67.22184065934066","63.643035205535206","63.643035205535206","63.643035205535206","73.90758547008546","73.90758547008546","73.90758547008546"
"2430.418257642","74.9815490145003","74.9815490145003","74.9815490145003","71.7632087349136","71.7632087349136","71.7632087349136","84.37065859164713","84.37065859164713","84.37065859164713","","","","","","","","",""
"2445.347731467","","","","","","","","","","67.22184065934066","67.22184065934066","67.22184065934066","63.643035205535206","63.643035205535206","63.643035205535206","73.90758547008546","73.90758547008546","73.90758547008546"
"2445.419305908","74.9815490145003","74.9815490145003","74.9815490145003","71.7632087349136","71.7632087349136","71.7632087349136","84.37065859164713","84.37065859164713","84.37065859164713","","","","","","","","",""
"2460.349769074","","","","","","","","","","67.22184065934066","67.22184065934066","67.22184065934066","63.643035205535206","63.643035205535206","63.643035205535206","73.90758547008546","73.90758547008546","73.90758547008546"
"2460.429955812","74.9815490145003","74.9815490145003","74.9815490145003","71.7632087349136","71.7632087349136","71.7632087349136","84.37065859164713","84.37065859164713","84.37065859164713","","","","","","","","",""
"2475.339851859","","","","","","","","","","67.22184065934066","67.22184065934066","67.22184065934066","63.643035205535206","63.643035205535206","63.643035205535206","73.90758547008546","73.90758547008546","73.90758547008546"
"2475.436422873","74.9815490145003","74.9815490145003","74.9815490145003","71.7632087349136","71.7632087349136","71.7632087349136","84.37065859164713","84.37065859164713","84.37065859164713","","","","","","","","",""
"2490.348371054","","","","","","","","","","67.22184065934066","67.22184065934066","67.22184065934066","63.643035205535206","63.643035205535206","63.643035205535206","73.90758547008546","73.90758547008546","73.90758547008546"
"2490.42410419","74.9815490145003","74.9815490145003","74.9815490145003","71.7632087349136","71.7632087349136","71.7632087349136","84.37065859164713","84.37065859164713","84.37065859164713","","","","","","","","",""
"2505.342278152","","","","","","","","","","67.22184065934066","67.22184065934066","67.22184065934066","63.643035205535206","63.643035205535206","63.643035205535206","73.90758547008546","73.90758547008546","73.90758547008546"
"2505.421068666","74.9815490145003","74.9815490145003","74.9815490145003","71.7632087349136","71.7632087349136","71.7632087349136","84.37065859164713","84.37065859164713","84.37065859164713","","","","","","","","",""
"2520.348036243","","","","","","","","","","67.22184065934066","67.22184065934066","67.22184065934066","63.643035205535206","63.643035205535206","63.643035205535206","73.90758547008546","73.90758547008546","73.90758547008546"
"2520.429074213","74.9815490145003","74.9815490145003","74.9815490145003","71.7632087349136","71.7632087349136","71.7632087349136","84.37065859164713","84.37065859164713","84.37065859164713","","","","","","","","",""
"2535.344233546","","","","","","","","","","67.22184065934066","67.22184065934066","67.22184065934066","63.643035205535206","63.643035205535206","63.643035205535206","73.90758547008546","73.90758547008546","73.90758547008546"
"2535.415894867","74.9815490145003","74.9815490145003","74.9815490145003","71.7632087349136","71.7632087349136","71.7632087349136","84.37065859164713","84.37065859164713","84.37065859164713","","","","","","","","",""
"2550.347218574","","","","","","","","","","67.22184065934066","67.22184065934066","67.22184065934066","63.643035205535206","63.643035205535206","63.643035205535206","73.90758547008546","73.90758547008546","73.90758547008546"
"2550.417528238","74.9815490145003","74.9815490145003","74.9815490145003","71.7632087349136","71.7632087349136","71.7632087349136","84.37065859164713","84.37065859164713","84.37065859164713","","","","","","","","",""
"2565.361045511","","","","","","","","","","67.22184065934066","67.22184065934066","67.22184065934066","63.643035205535206","63.643035205535206","63.643035205535206","73.90758547008546","73.90758547008546","73.90758547008546"
"2565.42336226","74.9815490145003","74.9815490145003","74.9815490145003","71.7632087349136","71.7632087349136","71.7632087349136","84.37065859164713","84.37065859164713","84.37065859164713","","","","","","","","",""
"2580.346879251","","","","","","","","","","67.22184065934066","67.22184065934066","67.22184065934066","63.643035205535206","63.643035205535206","63.643035205535206","73.90758547008546","73.90758547008546","73.90758547008546"
"2580.419956098","74.9815490145003","74.9815490145003","74.9815490145003","71.7632087349136","71.7632087349136","71.7632087349136","84.37065859164713","84.37065859164713","84.37065859164713","","","","","","","","",""
"2595.359770104","","","","","","","","","","67.22184065934066","67.22184065934066","67.22184065934066","63.643035205535206","63.643035205535206","63.643035205535206","73.90758547008546","73.90758547008546","73.90758547008546"
"2595.429876077","74.9815490145003","74.9815490145003","74.9815490145003","71.7632087349136","71.7632087349136","71.7632087349136","84.37065859164713","84.37065859164713","84.37065859164713","","","","","","","","",""
"2610.343978242","","","","","","","","","","67.22184065934066","67.22184065934066","67.22184065934066","63.643035205535206","63.643035205535206","63.643035205535206","73.90758547008546","73.90758547008546","73.90758547008546"
"2610.422313436","74.9815490145003","74.9815490145003","74.9815490145003","71.7632087349136","71.7632087349136","71.7632087349136","84.37065859164713","84.37065859164713","84.37065859164713","","","","","","","","",""
"2625.341565068","","","","","","","","","","67.22184065934066","67.22184065934066","67.22184065934066","63.643035205535206","63.643035205535206","63.643035205535206","73.90758547008546","73.90758547008546","73.90758547008546"
"2625.431922032","74.9815490145003","74.9815490145003","74.9815490145003","71.7632087349136","71.7632087349136","71.7632087349136","84.37065859164713","84.37065859164713","84.37065859164713","","","","","","","","",""
"2640.345111232","","","","","","","","","","67.22184065934066","67.22184065934066","67.22184065934066","63.643035205535206","63.643035205535206","63.643035205535206","73.90758547008546","73.90758547008546","73.90758547008546"
"2640.431576511","74.9815490145003","74.9815490145003","74.9815490145003","71.7632087349136","71.7632087349136","71.7632087349136","84.37065859164713","84.37065859164713","84.37065859164713","","","","","","","","",""
"2655.35567227","","","","","","","","","","67.22184065934066","67.22184065934066","67.22184065934066","63.643035205535206","63.643035205535206","63.643035205535206","73.90758547008546","73.90758547008546","73.90758547008546"
"2655.424354247","74.9815490145003","74.9815490145003","74.9815490145003","71.7632087349136","71.7632087349136","71.7632087349136","84.37065859164713","84.37065859164713","84.37065859164713","","","","","","","","",""
"2670.341087751","","","","","","","","","","67.22184065934066","67.22184065934066","67.22184065934066","63.643035205535206","63.643035205535206","63.643035205535206","73.90758547008546","73.90758547008546","73.90758547008546"
"2670.421096991","74.9815490145003","74.9815490145003","74.9815490145003","71.7632087349136","71.7632087349136","71.7632087349136","84.37065859164713","84.37065859164713","84.37065859164713","","","","","","","","",""
"2685.340628584","","","","","","","","","","67.22184065934066","67.22184065934066","67.22184065934066","63.643035205535206","63.643035205535206","63.643035205535206","73.90758547008546","73.90758547008546","73.90758547008546"
"2685.42057998","74.9815490145003","74.9815490145003","74.9815490145003","71.7632087349136","71.7632087349136","71.7632087349136","84.37065859164713","84.37065859164713","84.37065859164713","","","","","","","","",""
"2700.341917708","","","","","","","","","","67.22184065934066","67.22184065934066","67.22184065934066","63.643035205535206","63.643035205535206","63.643035205535206","73.90758547008546","73.90758547008546","73.90758547008546"
"2700.413188729","74.9815490145003","74.9815490145003","74.9815490145003","71.7632087349136","71.7632087349136","71.7632087349136","84.37065859164713","84.37065859164713","84.37065859164713","","","","","","","","",""
"2715.361343732","","","","","","","","","","67.22184065934066","67.22184065934066","67.22184065934066","63.643035205535206","63.643035205535206","63.643035205535206","73.90758547008546","73.90758547008546","73.90758547008546"
"2715.415271556","74.9815490145003","74.9815490145003","74.9815490145003","71.7632087349136","71.7632087349136","71.7632087349136","84.37065859164713","84.37065859164713","84.37065859164713","","","","","","","","",""
"2730.344176456","","","","","","","","","","67.22184065934066","67.22184065934066","67.22184065934066","67.93281949531949","67.93281949531949","67.93281949531949","73.90758547008546","73.90758547008546","73.90758547008546"
"2730.434569125","74.9815490145003","74.9815490145003","74.9815490145003","71.7632087349136","71.7632087349136","71.7632087349136","84.37065859164713","84.37065859164713","84.37065859164713","","","","","","","","",""
"2745.346907184","","","","","","","","","","67.22184065934066","67.22184065934066","67.22184065934066","67.93281949531949","67.93281949531949","67.93281949531949","73.90758547008546","73.90758547008546","73.90758547008546"
"2745.422428652","74.9815490145003","74.9815490145003","74.9815490145003","71.7632087349136","71.7632087349136","71.7632087349136","84.37065859164713","84.37065859164713","84.37065859164713","","","","","","","","",""
"2760.344436866","","","","","","","","","","67.22184065934066","67.22184065934066","67.22184065934066","67.93281949531949","67.93281949531949","67.93281949531949","73.90758547008546","73.90758547008546","73.90758547008546"
"2760.418177335","74.9815490145003","74.9815490145003","74.9815490145003","71.7632087349136","71.7632087349136","71.7632087349136","84.37065859164713","84.37065859164713","84.37065859164713","","","","","","","","",""
"2775.339623493","","","","","","","","","","67.22184065934066","67.22184065934066","67.22184065934066","67.93281949531949","67.93281949531949","67.93281949531949","73.90758547008546","73.90758547008546","73.90758547008546"
"2775.421471999","74.9815490145003","74.9815490145003","74.9815490145003","71.7632087349136","71.7632087349136","71.7632087349136","84.37065859164713","84.37065859164713","84.37065859164713","","","","","","","","",""
"2790.350154713","","","","","","","","","","67.22184065934066","67.22184065934066","67.22184065934066","67.93281949531949","67.93281949531949","67.93281949531949","73.90758547008546","73.90758547008546","73.90758547008546"
"2790.427968722","74.9815490145003","74.9815490145003","74.9815490145003","71.7632087349136","71.7632087349136","71.7632087349136","84.37065859164713","84.37065859164713","84.37065859164713","","","","","","","","",""
"2805.344122725","","","","","","","","","","67.22184065934066","67.22184065934066","67.22184065934066","67.93281949531949","67.93281949531949","67.93281949531949","73.90758547008546","73.90758547008546","73.90758547008546"
"2805.436894931","74.9815490145003","74.9815490145003","74.9815490145003","71.7632087349136","71.7632087349136","71.7632087349136","84.37065859164713","84.37065859164713","84.37065859164713","","","","","","","","",""
"2820.367457748","","","","","","","","","","67.22184065934066","67.22184065934066","67.22184065934066","67.93281949531949","67.93281949531949","67.93281949531949","73.90758547008546","73.90758547008546","73.90758547008546"
"2820.419842308","74.9815490145003","74.9815490145003","74.9815490145003","71.7632087349136","71.7632087349136","71.7632087349136","84.37065859164713","84.37065859164713","84.37065859164713","","","","","","","","",""
"2835.349659676","","","","","","","","","","67.22184065934066","67.22184065934066","67.22184065934066","67.93281949531949","67.93281949531949","67.93281949531949","73.90758547008546","73.90758547008546","73.90758547008546"
"2835.418924613","74.9815490145003","74.9815490145003","74.9815490145003","71.7632087349136","71.7632087349136","71.7632087349136","84.37065859164713","84.37065859164713","84.37065859164713","","","","","","","","",""
"2850.341302795","","","","","","","","","","67.22184065934066","67.22184065934066","67.22184065934066","67.93281949531949","67.93281949531949","67.93281949531949","73.90758547008546","73.90758547008546","73.90758547008546"
"2850.422442467","74.9815490145003","74.9815490145003","74.9815490145003","71.7632087349136","71.7632087349136","71.7632087349136","84.37065859164713","84.37065859164713","84.37065859164713","","","","","","","","",""
"2865.342147511","","","","","","","","","","67.22184065934066","67.22184065934066","67.22184065934066","67.93281949531949","67.93281949531949","67.93281949531949","73.90758547008546","73.90758547008546","73.90758547008546"
"2865.421978684","74.9815490145003","74.9815490145003","74.9815490145003","71.7632087349136","71.7632087349136","71.7632087349136","84.37065859164713","84.37065859164713","84.37065859164713","","","","","","","","",""
"2880.339492245","","","","","","","","","","67.22184065934066","67.22184065934066","67.22184065934066","67.93281949531949","67.93281949531949","67.93281949531949","73.90758547008546","73.90758547008546","73.90758547008546"
"2880.420704784","74.9815490145003","74.9815490145003","74.9815490145003","71.7632087349136","71.7632087349136","71.7632087349136","84.37065859164713","84.37065859164713","84.37065859164713","","","","","","","","",""
"2895.342719003","","","","","","","","","","67.22184065934066","67.22184065934066","67.22184065934066","67.93281949531949","67.93281949531949","67.93281949531949","73.90758547008546","73.90758547008546","73.90758547008546"
"2895.42826874","74.9815490145003","74.9815490145003","74.9815490145003","71.7632087349136","71.7632087349136","71.7632087349136","84.37065859164713","84.37065859164713","84.37065859164713","","","","","","","","",""
"2910.351895171","","","","","","","","","","67.22184065934066","67.22184065934066","67.22184065934066","67.93281949531949","67.93281949531949","67.93281949531949","73.90758547008546","73.90758547008546","73.90758547008546"
"2910.426445261","74.9815490145003","74.9815490145003","74.9815490145003","71.7632087349136","71.7632087349136","71.7632087349136","84.37065859164713","84.37065859164713","84.37065859164713","","","","","","","","",""
"2925.348628426","","","","","","","","","","67.22184065934066","67.22184065934066","67.22184065934066","67.93281949531949","67.93281949531949","67.93281949531949","73.90758547008546","73.90758547008546","73.90758547008546"
"2925.419284802","74.9815490145003","74.9815490145003","74.9815490145003","71.7632087349136","71.7632087349136","71.7632087349136","84.37065859164713","84.37065859164713","84.37065859164713","","","","","","","","",""
"2940.346888953","","","","","","","","","","67.22184065934066","67.22184065934066","67.22184065934066","67.93281949531949","67.93281949531949","67.93281949531949","73.90758547008546","73.90758547008546","73.90758547008546"
"2940.41978454","74.9815490145003","74.9815490145003","74.9815490145003","71.7632087349136","71.7632087349136","71.7632087349136","84.37065859164713","84.37065859164713","84.37065859164713","","","","","","","","",""
"2955.349208779","","","","","","","","","","67.22184065934066","67.22184065934066","67.22184065934066","67.93281949531949","67.93281949531949","67.93281949531949","73.90758547008546","73.90758547008546","73.90758547008546"
"2955.430542533","74.9815490145003","74.9815490145003","74.9815490145003","71.7632087349136","71.7632087349136","71.7632087349136","84.37065859164713","84.37065859164713","84.37065859164713","","","","","","","","",""
"2970.346666231","","","","","","","","","","67.22184065934066","67.22184065934066","67.22184065934066","67.93281949531949","67.93281949531949","67.93281949531949","73.90758547008546","73.90758547008546","73.90758547008546"
"2970.426043476","74.9815490145003","74.9815490145003","74.9815490145003","71.7632087349136","71.7632087349136","71.7632087349136","84.37065859164713","84.37065859164713","84.37065859164713","","","","","","","","",""
"2985.347110193","","","","","","","","","","67.22184065934066","67.22184065934066","67.22184065934066","67.93281949531949","67.93281949531949","67.93281949531949","73.90758547008546","73.90758547008546","73.90758547008546"
"2985.409500562","74.9815490145003","74.9815490145003","74.9815490145003","71.7632087349136","71.7632087349136","71.7632087349136","84.37065859164713","84.37065859164713","84.37065859164713","","","","","","","","",""
"3000.346962903","","","","","","","","","","67.22184065934066","67.22184065934066","67.22184065934066","67.93281949531949","67.93281949531949","67.93281949531949","73.90758547008546","73.90758547008546","73.90758547008546"
"3000.42202826","74.9815490145003","74.9815490145003","74.9815490145003","71.7632087349136","71.7632087349136","71.7632087349136","84.37065859164713","84.37065859164713","84.37065859164713","","","","","","","","",""
"3015.344676273","","","","","","","","","","67.22184065934066","67.22184065934066","67.22184065934066","67.93281949531949","67.93281949531949","67.93281949531949","73.90758547008546","73.90758547008546","73.90758547008546"
"3015.418049924","74.9815490145003","74.9815490145003","74.9815490145003","71.7632087349136","71.7632087349136","71.7632087349136","84.37065859164713","84.37065859164713","84.37065859164713","","","","","","","","",""
"3030.344797035","","","","","","","","","","67.22184065934066","67.22184065934066","67.22184065934066","67.93281949531949","67.93281949531949","67.93281949531949","73.90758547008546","73.90758547008546","73.90758547008546"
"3030.420427952","74.9815490145003","74.9815490145003","74.9815490145003","71.7632087349136","71.7632087349136","71.7632087349136","84.37065859164713","84.37065859164713","84.37065859164713","","","","","","","","",""
"3045.348396268","","","","","","","","","","67.22184065934066","67.22184065934066","67.22184065934066","67.93281949531949","67.93281949531949","67.93281949531949","73.90758547008546","73.90758547008546","73.90758547008546"
"3045.416998396","74.9815490145003","74.9815490145003","74.9815490145003","71.7632087349136","71.7632087349136","71.7632087349136","84.37065859164713","84.37065859164713","84.37065859164713","","","","","","","","",""
"3060.344447887","","","","","","","","","","67.22184065934066","67.22184065934066","67.22184065934066","67.93281949531949","67.93281949531949","67.93281949531949","73.90758547008546","73.90758547008546","73.90758547008546"
"3060.427401343","74.9815490145003","74.9815490145003","74.9815490145003","71.7632087349136","71.7632087349136","71.7632087349136","84.37065859164713","84.37065859164713","84.37065859164713","","","","","","","","",""
"3075.354029731","","","","","","","","","","67.22184065934066","67.22184065934066","67.22184065934066","67.93281949531949","67.93281949531949","67.93281949531949","73.90758547008546","73.90758547008546","73.90758547008546"
"3075.424978656","74.9815490145003","74.9815490145003","74.9815490145003","71.7632087349136","71.7632087349136","71.7632087349136","84.37065859164713","84.37065859164713","84.37065859164713","","","","","","","","",""
"3090.343160643","","","","","","","","","","67.22184065934066","67.22184065934066","67.22184065934066","67.93281949531949","67.93281949531949","67.93281949531949","73.90758547008546","73.90758547008546","73.90758547008546"
"3090.423043981","74.9815490145003","74.9815490145003","74.9815490145003","71.7632087349136","71.7632087349136","71.7632087349136","84.37065859164713","84.37065859164713","84.37065859164713","","","","","","","","",""
"3105.344878653","","","","","","","","","","67.22184065934066","67.22184065934066","67.22184065934066","67.93281949531949","67.93281949531949","67.93281949531949","73.90758547008546","73.90758547008546","73.90758547008546"
"3105.426073093","74.9815490145003","74.9815490145003","74.9815490145003","71.7632087349136","71.7632087349136","71.7632087349136","84.37065859164713","84.37065859164713","84.37065859164713","","","","","","","","",""
"3120.340911235","","","","","","","","","","67.22184065934066","67.22184065934066","67.22184065934066","67.93281949531949","67.93281949531949","67.93281949531949","73.90758547008546","73.90758547008546","73.90758547008546"
"3120.43231747","74.9815490145003","74.9815490145003","74.9815490145003","71.7632087349136","71.7632087349136","71.7632087349136","84.37065859164713","84.37065859164713","84.37065859164713","","","","","","","","",""
"3135.344595119","","","","","","","","","","67.22184065934066","67.22184065934066","67.22184065934066","67.93281949531949","67.93281949531949","67.93281949531949","73.90758547008546","73.90758547008546","73.90758547008546"
"3135.420098913","74.9815490145003","74.9815490145003","74.9815490145003","71.7632087349136","71.7632087349136","71.7632087349136","84.37065859164713","84.37065859164713","84.37065859164713","","","","","","","","",""
"3150.333966404","","","","","","","","","","67.22184065934066","67.22184065934066","67.22184065934066","67.93281949531949","67.93281949531949","67.93281949531949","73.90758547008546","73.90758547008546","73.90758547008546"
"3150.427879227","74.9815490145003","74.9815490145003","74.9815490145003","71.7632087349136","71.7632087349136","71.7632087349136","84.37065859164713","84.37065859164713","84.37065859164713","","","","","","","","",""
"3165.337590134","","","","","","","","","","67.22184065934066","67.22184065934066","67.22184065934066","67.93281949531949","67.93281949531949","67.93281949531949","73.90758547008546","73.90758547008546","73.90758547008546"
"3165.429075739","74.9815490145003","74.9815490145003","74.9815490145003","71.7632087349136","71.7632087349136","71.7632087349136","84.37065859164713","84.37065859164713","84.37065859164713","","","","","","","","",""
"3180.339505114","","","","","","","","","","67.22184065934066","67.22184065934066","67.22184065934066","67.93281949531949","67.93281949531949","67.93281949531949","73.90758547008546","73.90758547008546","73.90758547008546"
"3180.42075013","74.9815490145003","74.9815490145003","74.9815490145003","71.7632087349136","71.7632087349136","71.7632087349136","84.37065859164713","84.37065859164713","84.37065859164713","","","","","","","","",""
"3195.342115554","","","","","","","","","","67.22184065934066","67.22184065934066","67.22184065934066","67.93281949531949","67.93281949531949","67.93281949531949","73.90758547008546","73.90758547008546","73.90758547008546"
"3195.421444292","74.9815490145003","74.9815490145003","74.9815490145003","74.89336415733264","74.89336415733264","74.89336415733264","84.37065859164713","84.37065859164713","84.37065859164713","","","","","","","","",""
"3210.363116305","","","","","","","","","","67.22184065934066","67.22184065934066","67.22184065934066","67.93281949531949","67.93281949531949","67.93281949531949","73.90758547008546","73.90758547008546","73.90758547008546"
"3210.420052111","74.9815490145003","74.9815490145003","74.9815490145003","74.89336415733264","74.89336415733264","74.89336415733264","84.37065859164713","84.37065859164713","84.37065859164713","","","","","","","","",""
"3225.343901088","","","","","","","","","","67.22184065934066","67.22184065934066","67.22184065934066","67.93281949531949","67.93281949531949","67.93281949531949","73.90758547008546","73.90758547008546","73.90758547008546"
"3225.417270927","74.9815490145003","74.9815490145003","74.9815490145003","74.89336415733264","74.89336415733264","74.89336415733264","84.37065859164713","84.37065859164713","84.37065859164713","","","","","","","","",""
"3240.354626477","","","","","","","","","","67.22184065934066","67.22184065934066","67.22184065934066","67.93281949531949","67.93281949531949","67.93281949531949","73.90758547008546","73.90758547008546","73.90758547008546"
"3240.432099012","74.9815490145003","74.9815490145003","74.9815490145003","74.89336415733264","74.89336415733264","74.89336415733264","84.37065859164713","84.37065859164713","84.37065859164713","","","","","","","","",""
"3255.342025347","","","","","","","","","","67.22184065934066","67.22184065934066","67.22184065934066","67.93281949531949","67.93281949531949","67.93281949531949","73.90758547008546","73.90758547008546","73.90758547008546"
"3255.417406261","74.9815490145003","74.9815490145003","74.9815490145003","74.89336415733264","74.89336415733264","74.89336415733264","84.37065859164713","84.37065859164713","84.37065859164713","","","","","","","","",""
"3270.355285402","","","","","","","","","","67.22184065934066","67.22184065934066","67.22184065934066","67.93281949531949","67.93281949531949","67.93281949531949","73.90758547008546","73.90758547008546","73.90758547008546"
"3270.420885424","74.9815490145003","74.9815490145003","74.9815490145003","74.89336415733264","74.89336415733264","74.89336415733264","84.37065859164713","84.37065859164713","84.37065859164713","","","","","","","","",""
"3285.346558573","","","","","","","","","","67.22184065934066","67.22184065934066","67.22184065934066","67.93281949531949","67.93281949531949","67.93281949531949","73.90758547008546","73.90758547008546","73.90758547008546"
"3285.419286059","74.9815490145003","74.9815490145003","74.9815490145003","74.89336415733264","74.89336415733264","74.89336415733264","84.37065859164713","84.37065859164713","84.37065859164713","","","","","","","","",""
"3300.349177698","","","","","","","","","","67.22184065934066","67.22184065934066","67.22184065934066","67.93281949531949","67.93281949531949","67.93281949531949","73.90758547008546","73.90758547008546","73.90758547008546"
"3300.430147071","74.9815490145003","74.9815490145003","74.9815490145003","74.89336415733264","74.89336415733264","74.89336415733264","84.37065859164713","84.37065859164713","84.37065859164713","","","","","","","","",""
"3315.353211014","","","","","","","","","","67.22184065934066","67.22184065934066","67.22184065934066","67.93281949531949","67.93281949531949","67.93281949531949","73.90758547008546","73.90758547008546","73.90758547008546"
"3315.436335291","74.9815490145003","74.9815490145003","74.9815490145003","74.89336415733264","74.89336415733264","74.89336415733264","84.37065859164713","84.37065859164713","84.37065859164713","","","","","","","","",""
"3330.338898051","","","","","","","","","","67.22184065934066","67.22184065934066","67.22184065934066","67.93281949531949","67.93281949531949","67.93281949531949","73.90758547008546","73.90758547008546","73.90758547008546"
"3330.422146413","74.9815490145003","74.9815490145003","74.9815490145003","74.89336415733264","74.89336415733264","74.89336415733264","84.37065859164713","84.37065859164713","84.37065859164713","","","","","","","","",""
"3345.340784993","","","","","","","","","","67.22184065934066","67.22184065934066","67.22184065934066","67.93281949531949","67.93281949531949","67.93281949531949","73.90758547008546","73.90758547008546","73.90758547008546"
"3345.428766483","74.9815490145003","74.9815490145003","74.9815490145003","74.89336415733264","74.89336415733264","74.89336415733264","84.37065859164713","84.37065859164713","84.37065859164713","","","","","","","","",""
"3360.344227526","","","","","","","","","","67.22184065934066","67.22184065934066","67.22184065934066","67.93281949531949","67.93281949531949","67.93281949531949","73.90758547008546","73.90758547008546","73.90758547008546"
"3360.430835594","74.9815490145003","74.9815490145003","74.9815490145003","74.89336415733264","74.89336415733264","74.89336415733264","84.37065859164713","84.37065859164713","84.37065859164713","","","","","","","","",""
"3375.340703844","","","","","","","","","","67.22184065934066","67.22184065934066","67.22184065934066","67.93281949531949","67.93281949531949","67.93281949531949","73.90758547008546","73.90758547008546","73.90758547008546"
"3375.42446316","74.9815490145003","74.9815490145003","74.9815490145003","74.89336415733264","74.89336415733264","74.89336415733264","84.37065859164713","84.37065859164713","84.37065859164713","","","","","","","","",""
"3390.335722695","","","","","","","","","","67.22184065934066","67.22184065934066","67.22184065934066","67.93281949531949","67.93281949531949","67.93281949531949","73.90758547008546","73.90758547008546","73.90758547008546"
"3390.425269835","74.9815490145003","74.9815490145003","74.9815490145003","74.89336415733264","74.89336415733264","74.89336415733264","84.37065859164713","84.37065859164713","84.37065859164713","","","","","","","","",""
"3405.349299648","","","","","","","","","","67.22184065934066","67.22184065934066","67.22184065934066","67.93281949531949","67.93281949531949","67.93281949531949","73.90758547008546","73.90758547008546","73.90758547008546"
"3405.426085449","74.9815490145003","74.9815490145003","74.9815490145003","74.89336415733264","74.89336415733264","74.89336415733264","84.37065859164713","84.37065859164713","84.37065859164713","","","","","","","","",""
"3420.33998529","","","","","","","","","","67.22184065934066","67.22184065934066","67.22184065934066","67.93281949531949","67.93281949531949","67.93281949531949","73.90758547008546","73.90758547008546","73.90758547008546"
"3420.423018363","74.9815490145003","74.9815490145003","74.9815490145003","74.89336415733264","74.89336415733264","74.89336415733264","84.37065859164713","84.37065859164713","84.37065859164713","","","","","","","","",""
"3435.342646318","","","","","","","","","","67.22184065934066","67.22184065934066","67.22184065934066","67.93281949531949","67.93281949531949","67.93281949531949","73.90758547008546","73.90758547008546","73.90758547008546"
"3435.414641015","74.9815490145003","74.9815490145003","74.9815490145003","74.89336415733264","74.89336415733264","74.89336415733264","84.37065859164713","84.37065859164713","84.37065859164713","","","","","","","","",""
"3450.347407309","","","","","","","","","","67.22184065934066","67.22184065934066","67.22184065934066","67.93281949531949","67.93281949531949","67.93281949531949","73.90758547008546","73.90758547008546","73.90758547008546"
"3450.430788581","74.9815490145003","74.9815490145003","74.9815490145003","74.89336415733264","74.89336415733264","74.89336415733264","84.37065859164713","84.37065859164713","84.37065859164713","","","","","","","","",""
"3465.357333484","","","","","","","","","","67.22184065934066","67.22184065934066","67.22184065934066","67.93281949531949","67.93281949531949","67.93281949531949","73.90758547008546","73.90758547008546","73.90758547008546"
"3465.424457021","74.9815490145003","74.9815490145003","74.9815490145003","74.89336415733264","74.89336415733264","74.89336415733264","84.37065859164713","84.37065859164713","84.37065859164713","","","","","","","","",""
"3480.35163274","","","","","","","","","","67.22184065934066","67.22184065934066","67.22184065934066","67.93281949531949","67.93281949531949","67.93281949531949","73.90758547008546","73.90758547008546","73.90758547008546"
"3480.426050488","74.9815490145003","74.9815490145003","74.9815490145003","74.89336415733264","74.89336415733264","74.89336415733264","84.37065859164713","84.37065859164713","84.37065859164713","","","","","","","","",""
"3495.348876849","","","","","","","","","","67.22184065934066","67.22184065934066","67.22184065934066","67.93281949531949","67.93281949531949","67.93281949531949","73.90758547008546","73.90758547008546","73.90758547008546"
"3495.429012377","74.9815490145003","74.9815490145003","74.9815490145003","74.89336415733264","74.89336415733264","74.89336415733264","84.37065859164713","84.37065859164713","84.37065859164713","","","","","","","","",""
"3510.351387682","","","","","","","","","","67.22184065934066","67.22184065934066","67.22184065934066","67.93281949531949","67.93281949531949","67.93281949531949","73.90758547008546","73.90758547008546","73.90758547008546"
"3510.424038861","74.9815490145003","74.9815490145003","74.9815490145003","74.89336415733264","74.89336415733264","74.89336415733264","84.37065859164713","84.37065859164713","84.37065859164713","","","","","","","","",""
"3525.346103702","","","","","","","","","","67.22184065934066","67.22184065934066","67.22184065934066","67.93281949531949","67.93281949531949","67.93281949531949","73.90758547008546","73.90758547008546","73.90758547008546"
"3525.437246909","74.9815490145003","74.9815490145003","74.9815490145003","74.89336415733264","74.89336415733264","74.89336415733264","84.37065859164713","84.37065859164713","84.37065859164713","","","","","","","","",""
"3540.346384029","","","","","","","","","","67.22184065934066","67.22184065934066","67.22184065934066","67.93281949531949","67.93281949531949","67.93281949531949","73.90758547008546","73.90758547008546","73.90758547008546"
"3540.416463173","74.9815490145003","74.9815490145003","74.9815490145003","74.89336415733264","74.89336415733264","74.89336415733264","84.37065859164713","84.37065859164713","84.37065859164713","","","","","","","","",""
"3555.339539049","","","","","","","","","","67.22184065934066","67.22184065934066","67.22184065934066","67.93281949531949","67.93281949531949","67.93281949531949","73.90758547008546","73.90758547008546","73.90758547008546"
"3555.433040428","74.9815490145003","74.9815490145003","74.9815490145003","74.89336415733264","74.89336415733264","74.89336415733264","84.37065859164713","84.37065859164713","84.37065859164713","","","","","","","","",""
"3570.339570754","","","","","","","","","","67.22184065934066","67.22184065934066","67.22184065934066","67.93281949531949","67.93281949531949","67.93281949531949","73.90758547008546","73.90758547008546","73.90758547008546"
"3570.420563751","74.9815490145003","74.9815490145003","74.9815490145003","74.89336415733264","74.89336415733264","74.89336415733264","84.37065859164713","84.37065859164713","84.37065859164713","","","","","","","","",""
"3585.344696849","","","","","","","","","","67.22184065934066","67.22184065934066","67.22184065934066","67.93281949531949","67.93281949531949","67.93281949531949","73.90758547008546","73.90758547008546","73.90758547008546"
"3585.422929892","74.9815490145003","74.9815490145003","74.9815490145003","74.89336415733264","74.89336415733264","74.89336415733264","84.37065859164713","84.37065859164713","84.37065859164713","","","","","","","","",""
"3600.346636098","","","","","","","","","","67.22184065934066","67.22184065934066","67.22184065934066","67.93281949531949","67.93281949531949","67.93281949531949","73.90758547008546","73.90758547008546","73.90758547008546"
"3600.4174986","74.9815490145003","74.9815490145003","74.9815490145003","74.89336415733264","74.89336415733264","74.89336415733264","84.37065859164713","84.37065859164713","84.37065859164713","","","","","","","","",""
"3615.342405244","","","","","","","","","","67.22184065934066","67.22184065934066","67.22184065934066","67.93281949531949","67.93281949531949","67.93281949531949","73.90758547008546","73.90758547008546","73.90758547008546"
"3615.432022217","74.9815490145003","74.9815490145003","74.9815490145003","74.89336415733264","74.89336415733264","74.89336415733264","84.37065859164713","84.37065859164713","84.37065859164713","","","","","","","","",""
"3630.340435633","","","","","","","","","","67.22184065934066","67.22184065934066","67.22184065934066","67.93281949531949","67.93281949531949","67.93281949531949","73.90758547008546","73.90758547008546","73.90758547008546"
"3630.419195045","74.9815490145003","74.9815490145003","74.9815490145003","74.89336415733264","74.89336415733264","74.89336415733264","84.37065859164713","84.37065859164713","84.37065859164713","","","","","","","","",""
"3645.337577791","","","","","","","","","","67.22184065934066","67.22184065934066","67.22184065934066","67.93281949531949","67.93281949531949","67.93281949531949","73.90758547008546","73.90758547008546","73.90758547008546"
"3645.420076753","74.9815490145003","74.9815490145003","74.9815490145003","74.89336415733264","74.89336415733264","74.89336415733264","84.37065859164713","84.37065859164713","84.37065859164713","","","","","","","","",""
"3660.345005655","","","","","","","","","","67.22184065934066","67.22184065934066","67.22184065934066","67.93281949531949","67.93281949531949","67.93281949531949","73.90758547008546","73.90758547008546","73.90758547008546"
"3660.420183519","74.9815490145003","74.9815490145003","74.9815490145003","74.89336415733264","74.89336415733264","74.89336415733264","84.37065859164713","84.37065859164713","84.37065859164713","","","","","","","","",""
"3675.341870106","","","","","","","","","","67.22184065934066","67.22184065934066","67.22184065934066","67.93281949531949","67.93281949531949","67.93281949531949","73.90758547008546","73.90758547008546","73.90758547008546"
"3675.425262559","74.9815490145003","74.9815490145003","74.9815490145003","74.89336415733264","74.89336415733264","74.89336415733264","84.37065859164713","84.37065859164713","84.37065859164713","","","","","","","","",""
"3690.330512832","","","","","","","","","","67.22184065934066","67.22184065934066","67.22184065934066","67.93281949531949","67.93281949531949","67.93281949531949","73.90758547008546","73.90758547008546","73.90758547008546"
"3690.424887543","74.9815490145003","74.9815490145003","74.9815490145003","74.89336415733264","74.89336415733264","74.89336415733264","84.37065859164713","84.37065859164713","84.37065859164713","","","","","","","","",""
"3705.348387793","","","","","","","","","","67.22184065934066","67.22184065934066","67.22184065934066","67.93281949531949","67.93281949531949","67.93281949531949","73.90758547008546","73.90758547008546","73.90758547008546"
"3705.416395709","74.9815490145003","74.9815490145003","74.9815490145003","74.89336415733264","74.89336415733264","74.89336415733264","84.37065859164713","84.37065859164713","84.37065859164713","","","","","","","","",""
"3720.3444819","","","","","","","","","","67.22184065934066","67.22184065934066","67.22184065934066","67.93281949531949","67.93281949531949","67.93281949531949","73.90758547008546","73.90758547008546","73.90758547008546"
"3720.415403788","74.9815490145003","74.9815490145003","74.9815490145003","74.89336415733264","74.89336415733264","74.89336415733264","84.37065859164713","84.37065859164713","84.37065859164713","","","","","","","","",""
"3735.350999419","","","","","","","","","","67.22184065934066","67.22184065934066","67.22184065934066","67.93281949531949","67.93281949531949","67.93281949531949","73.90758547008546","73.90758547008546","73.90758547008546"
"3735.420587618","74.9815490145003","74.9815490145003","74.9815490145003","74.89336415733264","74.89336415733264","74.89336415733264","84.37065859164713","84.37065859164713","84.37065859164713","","","","","","","","",""
"3750.346631214","","","","","","","","","","67.22184065934066","67.22184065934066","67.22184065934066","67.93281949531949","67.93281949531949","67.93281949531949","73.90758547008546","73.90758547008546","73.90758547008546"
"3750.432057844","74.9815490145003","74.9815490145003","74.9815490145003","74.89336415733264","74.89336415733264","74.89336415733264","84.37065859164713","84.37065859164713","84.37065859164713","","","","","","","","",""
"3765.350703113","","","","","","","","","","67.22184065934066","67.22184065934066","67.22184065934066","67.93281949531949","67.93281949531949","67.93281949531949","73.90758547008546","73.90758547008546","73.90758547008546"
"3765.415606614","74.9815490145003","74.9815490145003","74.9815490145003","74.89336415733264","74.89336415733264","74.89336415733264","84.37065859164713","84.37065859164713","84.37065859164713","","","","","","","","",""
"3780.34324304","","","","","","","","","","67.22184065934066","67.22184065934066","67.22184065934066","67.93281949531949","67.93281949531949","67.93281949531949","73.90758547008546","73.90758547008546","73.90758547008546"
"3780.423388578","74.9815490145003","74.9815490145003","74.9815490145003","74.89336415733264","74.89336415733264","74.89336415733264","84.37065859164713","84.37065859164713","84.37065859164713","","","","","","","","",""
"3795.343577757","","","","","","","","","","67.22184065934066","67.22184065934066","67.22184065934066","67.93281949531949","67.93281949531949","67.93281949531949","73.90758547008546","73.90758547008546","73.90758547008546"
"3795.426887892","74.9815490145003","74.9815490145003","74.9815490145003","74.89336415733264","74.89336415733264","74.89336415733264","84.37065859164713","84.37065859164713","84.37065859164713","","","","","","","","",""
"3810.341218197","","","","","","","","","","67.22184065934066","67.22184065934066","67.22184065934066","67.93281949531949","67.93281949531949","67.93281949531949","73.90758547008546","73.90758547008546","73.90758547008546"
"3810.430190883","74.9815490145003","74.9815490145003","74.9815490145003","74.89336415733264","74.89336415733264","74.89336415733264","84.37065859164713","84.37065859164713","84.37065859164713","","","","","","","","",""
"3825.33988995","","","","","","","","","","67.22184065934066","67.22184065934066","67.22184065934066","67.93281949531949","67.93281949531949","67.93281949531949","73.90758547008546","73.90758547008546","73.90758547008546"
"3825.418071673","74.9815490145003","74.9815490145003","74.9815490145003","74.89336415733264","74.89336415733264","74.89336415733264","84.37065859164713","84.37065859164713","84.37065859164713","","","","","","","","",""
"3840.349572858","","","","","","","","","","67.22184065934066","67.22184065934066","67.22184065934066","67.93281949531949","67.93281949531949","67.93281949531949","73.90758547008546","73.90758547008546","73.90758547008546"
"3840.417786418","74.9815490145003","74.9815490145003","74.9815490145003","74.89336415733264","74.89336415733264","74.89336415733264","84.37065859164713","84.37065859164713","84.37065859164713","","","","","","","","",""
"3855.344077246","","","","","","","","","","67.22184065934066","67.22184065934066","67.22184065934066","67.93281949531949","67.93281949531949","67.93281949531949","73.90758547008546","73.90758547008546","73.90758547008546"
"3855.440807475","74.9815490145003","74.9815490145003","74.9815490145003","74.89336415733264","74.89336415733264","74.89336415733264","84.37065859164713","84.37065859164713","84.37065859164713","","","","","","","","",""
"3870.35028891","","","","","","","","","","67.22184065934066","67.22184065934066","67.22184065934066","67.93281949531949","67.93281949531949","67.93281949531949","73.90758547008546","73.90758547008546","73.90758547008546"
"3870.427097365","74.9815490145003","74.9815490145003","74.9815490145003","74.89336415733264","74.89336415733264","74.89336415733264","84.37065859164713","84.37065859164713","84.37065859164713","","","","","","","","",""
"3885.33979486","","","","","","","","","","67.22184065934066","67.22184065934066","67.22184065934066","67.93281949531949","67.93281949531949","67.93281949531949","73.90758547008546","73.90758547008546","73.90758547008546"
"3885.421153015","74.9815490145003","74.9815490145003","74.9815490145003","74.89336415733264","74.89336415733264","74.89336415733264","84.37065859164713","84.37065859164713","84.37065859164713","","","","","","","","",""
"3900.347814073","","","","","","","","","","67.22184065934066","67.22184065934066","67.22184065934066","67.93281949531949","67.93281949531949","67.93281949531949","73.90758547008546","73.90758547008546","73.90758547008546"
"3900.421693582","74.9815490145003","74.9815490145003","74.9815490145003","74.89336415733264","74.89336415733264","74.89336415733264","84.37065859164713","84.37065859164713","84.37065859164713","","","","","","","","",""
"3915.342524483","","","","","","","","","","67.22184065934066","67.22184065934066","67.22184065934066","67.93281949531949","67.93281949531949","67.93281949531949","73.90758547008546","73.90758547008546","73.90758547008546"
"3915.425876023","74.9815490145003","74.9815490145003","74.9815490145003","74.89336415733264","74.89336415733264","74.89336415733264","84.37065859164713","84.37065859164713","84.37065859164713","","","","","","","","",""
"3930.361828024","","","","","","","","","","67.22184065934066","67.22184065934066","67.22184065934066","67.93281949531949","67.93281949531949","67.93281949531949","73.90758547008546","73.90758547008546","73.90758547008546"
"3930.423368099","74.9815490145003","74.9815490145003","74.9815490145003","74.89336415733264","74.89336415733264","74.89336415733264","84.37065859164713","84.37065859164713","84.37065859164713","","","","","","","","",""
"3945.345459151","","","","","","","","","","67.22184065934066","67.22184065934066","67.22184065934066","67.93281949531949","67.93281949531949","67.93281949531949","73.90758547008546","73.90758547008546","73.90758547008546"
"3945.421917654","74.9815490145003","74.9815490145003","74.9815490145003","74.89336415733264","74.89336415733264","74.89336415733264","84.37065859164713","84.37065859164713","84.37065859164713","","","","","","","","",""
"3960.349256355","","","","","","","","","","67.22184065934066","67.22184065934066","67.22184065934066","67.93281949531949","67.93281949531949","67.93281949531949","73.90758547008546","73.90758547008546","73.90758547008546"
"3960.418030918","74.9815490145003","74.9815490145003","74.9815490145003","74.89336415733264","74.89336415733264","74.89336415733264","84.37065859164713","84.37065859164713","84.37065859164713","","","","","","","","",""
"3975.358163385","","","","","","","","","","67.22184065934066","67.22184065934066","67.22184065934066","67.93281949531949","67.93281949531949","67.93281949531949","73.90758547008546","73.90758547008546","73.90758547008546"
"3975.425580965","74.9815490145003","74.9815490145003","74.9815490145003","74.89336415733264","74.89336415733264","74.89336415733264","84.37065859164713","84.37065859164713","84.37065859164713","","","","","","","","",""
"3990.351652739","","","","","","","","","","67.22184065934066","67.22184065934066","67.22184065934066","67.93281949531949","67.93281949531949","67.93281949531949","73.90758547008546","73.90758547008546","73.90758547008546"
"3990.425143427","74.9815490145003","74.9815490145003","74.9815490145003","74.89336415733264","74.89336415733264","74.89336415733264","84.37065859164713","84.37065859164713","84.37065859164713","","","","","","","","",""
"4005.340631357","","","","","","","","","","67.22184065934066","67.22184065934066","67.22184065934066","67.93281949531949","67.93281949531949","67.93281949531949","73.90758547008546","73.90758547008546","73.90758547008546"
"4005.427332411","74.9815490145003","74.9815490145003","74.9815490145003","74.89336415733264","74.89336415733264","74.89336415733264","84.37065859164713","84.37065859164713","84.37065859164713","","","","","","","","",""
"4020.340386777","","","","","","","","","","67.22184065934066","67.22184065934066","67.22184065934066","67.93281949531949","67.93281949531949","67.93281949531949","73.90758547008546","73.90758547008546","73.90758547008546"
"4020.417442406","74.9815490145003","74.9815490145003","74.9815490145003","74.89336415733264","74.89336415733264","74.89336415733264","84.37065859164713","84.37065859164713","84.37065859164713","","","","","","","","",""
"4035.343206529","","","","","","","","","","67.22184065934066","67.22184065934066","67.22184065934066","67.93281949531949","67.93281949531949","67.93281949531949","73.90758547008546","73.90758547008546","73.90758547008546"
"4035.430837314","74.9815490145003","74.9815490145003","74.9815490145003","74.89336415733264","74.89336415733264","74.89336415733264","84.37065859164713","84.37065859164713","84.37065859164713","","","","","","","","",""
"4050.341532674","","","","","","","","","","67.22184065934066","67.22184065934066","67.22184065934066","67.93281949531949","67.93281949531949","67.93281949531949","73.90758547008546","73.90758547008546","73.90758547008546"
"4050.429705917","74.9815490145003","74.9815490145003","74.9815490145003","74.89336415733264","74.89336415733264","74.89336415733264","84.37065859164713","84.37065859164713","84.37065859164713","","","","","","","","",""
"4065.341686682","","","","","","","","","","67.22184065934066","67.22184065934066","67.22184065934066","67.93281949531949","67.93281949531949","67.93281949531949","73.90758547008546","73.90758547008546","73.90758547008546"
"4065.430526553","74.9815490145003","74.9815490145003","74.9815490145003","74.89336415733264","74.89336415733264","74.89336415733264","84.37065859164713","84.37065859164713","84.37065859164713","","","","","","","","",""
"4080.346867389","","","","","","","","","","67.22184065934066","67.22184065934066","67.22184065934066","67.93281949531949","67.93281949531949","67.93281949531949","73.90758547008546","73.90758547008546","73.90758547008546"
"4080.420044288","74.9815490145003","74.9815490145003","74.9815490145003","74.89336415733264","74.89336415733264","74.89336415733264","84.37065859164713","84.37065859164713","84.37065859164713","","","","","","","","",""
"4095.349698404","","","","","","","","","","67.22184065934066","67.22184065934066","67.22184065934066","67.93281949531949","67.93281949531949","67.93281949531949","73.90758547008546","73.90758547008546","73.90758547008546"
"4095.416521354","74.9815490145003","74.9815490145003","74.9815490145003","74.89336415733264","74.89336415733264","74.89336415733264","84.37065859164713","84.37065859164713","84.37065859164713","","","","","","","","",""
"4110.345780638","","","","","","","","","","67.22184065934066","67.22184065934066","67.22184065934066","67.93281949531949","67.93281949531949","67.93281949531949","73.90758547008546","73.90758547008546","73.90758547008546"
"4110.421012071","74.9815490145003","74.9815490145003","74.9815490145003","74.89336415733264","74.89336415733264","74.89336415733264","84.37065859164713","84.37065859164713","84.37065859164713","","","","","","","","",""
"4125.345901989","","","","","","","","","","67.22184065934066","67.22184065934066","67.22184065934066","67.93281949531949","67.93281949531949","67.93281949531949","73.90758547008546","73.90758547008546","73.90758547008546"
"4125.413965732","74.9815490145003","74.9815490145003","74.9815490145003","74.89336415733264","74.89336415733264","74.89336415733264","84.37065859164713","84.37065859164713","84.37065859164713","","","","","","","","",""
"4140.372993224","","","","","","","","","","67.22184065934066","67.22184065934066","67.22184065934066","67.93281949531949","67.93281949531949","67.93281949531949","73.90758547008546","73.90758547008546","73.90758547008546"
"4140.421388281","74.9815490145003","74.9815490145003","74.9815490145003","74.89336415733264","74.89336415733264","74.89336415733264","84.37065859164713","84.37065859164713","84.37065859164713","","","","","","","","",""
"4155.343117899","","","","","","","","","","67.22184065934066","67.22184065934066","67.22184065934066","67.93281949531949","67.93281949531949","67.93281949531949","73.90758547008546","73.90758547008546","73.90758547008546"
"4155.434005577","74.9815490145003","74.9815490145003","74.9815490145003","74.89336415733264","74.89336415733264","74.89336415733264","84.37065859164713","84.37065859164713","84.37065859164713","","","","","","","","",""
"4170.345217978","","","","","","","","","","67.22184065934066","67.22184065934066","67.22184065934066","67.93281949531949","67.93281949531949","67.93281949531949","73.90758547008546","73.90758547008546","73.90758547008546"
"4170.416130813","74.9815490145003","74.9815490145003","74.9815490145003","74.89336415733264","74.89336415733264","74.89336415733264","84.37065859164713","84.37065859164713","84.37065859164713","","","","","","","","",""
"4185.34853318","","","","","","","","","","67.22184065934066","67.22184065934066","67.22184065934066","67.93281949531949","67.93281949531949","67.93281949531949","73.90758547008546","73.90758547008546","73.90758547008546"
"4185.43126096","74.9815490145003","74.9815490145003","74.9815490145003","74.89336415733264","74.89336415733264","74.89336415733264","84.37065859164713","84.37065859164713","84.37065859164713","","","","","","","","",""
"4200.344532369","","","","","","","","","","67.22184065934066","67.22184065934066","67.22184065934066","67.93281949531949","67.93281949531949","67.93281949531949","73.90758547008546","73.90758547008546","73.90758547008546"
"4200.422634204","74.9815490145003","74.9815490145003","74.9815490145003","74.89336415733264","74.89336415733264","74.89336415733264","84.37065859164713","84.37065859164713","84.37065859164713","","","","","","","","",""
"4215.353170888","","","","","","","","","","67.22184065934066","67.22184065934066","67.22184065934066","67.93281949531949","67.93281949531949","67.93281949531949","73.90758547008546","73.90758547008546","73.90758547008546"
"4215.424693503","74.9815490145003","74.9815490145003","74.9815490145003","74.89336415733264","74.89336415733264","74.89336415733264","84.37065859164713","84.37065859164713","84.37065859164713","","","","","","","","",""
"4230.344649368","","","","","","","","","","67.22184065934066","67.22184065934066","67.22184065934066","67.93281949531949","67.93281949531949","67.93281949531949","73.90758547008546","73.90758547008546","73.90758547008546"
"4230.432496545","74.9815490145003","74.9815490145003","74.9815490145003","74.89336415733264","74.89336415733264","74.89336415733264","84.37065859164713","84.37065859164713","84.37065859164713","","","","","","","","",""
"4245.354836229","","","","","","","","","","67.22184065934066","67.22184065934066","67.22184065934066","67.93281949531949","67.93281949531949","67.93281949531949","73.90758547008546","73.90758547008546","73.90758547008546"
"4245.42130297","74.9815490145003","74.9815490145003","74.9815490145003","74.89336415733264","74.89336415733264","74.89336415733264","84.37065859164713","84.37065859164713","84.37065859164713","","","","","","","","",""
"4260.342781793","","","","","","","","","","67.22184065934066","67.22184065934066","67.22184065934066","67.93281949531949","67.93281949531949","67.93281949531949","73.90758547008546","73.90758547008546","73.90758547008546"
"4260.426403871","74.9815490145003","74.9815490145003","74.9815490145003","74.89336415733264","74.89336415733264","74.89336415733264","84.37065859164713","84.37065859164713","84.37065859164713","","","","","","","","",""
"4275.34001412","","","","","","","","","","67.22184065934066","67.22184065934066","67.22184065934066","67.93281949531949","67.93281949531949","67.93281949531949","73.90758547008546","73.90758547008546","73.90758547008546"
"4275.420742626","74.9815490145003","74.9815490145003","74.9815490145003","74.89336415733264","74.89336415733264","74.89336415733264","84.37065859164713","84.37065859164713","84.37065859164713","","","","","","","","",""
"4290.343702198","","","","","","","","","","67.22184065934066","67.22184065934066","67.22184065934066","67.93281949531949","67.93281949531949","67.93281949531949","73.90758547008546","73.90758547008546","73.90758547008546"
"4290.42596937","74.9815490145003","74.9815490145003","74.9815490145003","74.89336415733264","74.89336415733264","74.89336415733264","84.37065859164713","84.37065859164713","84.37065859164713","","","","","","","","",""
"4305.34895522","","","","","","","","","","67.22184065934066","67.22184065934066","67.22184065934066","67.93281949531949","67.93281949531949","67.93281949531949","73.90758547008546","73.90758547008546","73.90758547008546"
"4305.425584243","74.9815490145003","74.9815490145003","74.9815490145003","74.89336415733264","74.89336415733264","74.89336415733264","84.37065859164713","84.37065859164713","84.37065859164713","","","","","","","","",""
"4320.352693244","","","","","","","","","","67.22184065934066","67.22184065934066","67.22184065934066","67.93281949531949","67.93281949531949","67.93281949531949","73.90758547008546","73.90758547008546","73.90758547008546"
"4320.427080786","74.9815490145003","74.9815490145003","74.9815490145003","74.89336415733264","74.89336415733264","74.89336415733264","84.37065859164713","84.37065859164713","84.37065859164713","","","","","","","","",""
"4335.352329942","","","","","","","","","","67.22184065934066","67.22184065934066","67.22184065934066","67.93281949531949","67.93281949531949","67.93281949531949","73.90758547008546","73.90758547008546","73.90758547008546"
"4335.425985513","74.9815490145003","74.9815490145003","74.9815490145003","74.89336415733264","74.89336415733264","74.89336415733264","84.37065859164713","84.37065859164713","84.37065859164713","","","","","","","","",""
"4350.341568335","","","","","","","","","","67.22184065934066","67.22184065934066","67.22184065934066","67.93281949531949","67.93281949531949","67.93281949531949","73.90758547008546","73.90758547008546","73.90758547008546"
"4350.417927479","74.9815490145003","74.9815490145003","74.9815490145003","74.89336415733264","74.89336415733264","74.89336415733264","84.37065859164713","84.37065859164713","84.37065859164713","","","","","","","","",""
"4365.343886524","","","","","","","","","","67.22184065934066","67.22184065934066","67.22184065934066","67.93281949531949","67.93281949531949","67.93281949531949","73.90758547008546","73.90758547008546","73.90758547008546"
"4365.426113568","74.9815490145003","74.9815490145003","74.9815490145003","74.89336415733264","74.89336415733264","74.89336415733264","84.37065859164713","84.37065859164713","84.37065859164713","","","","","","","","",""
"4380.345240329","","","","","","","","","","67.22184065934066","67.22184065934066","67.22184065934066","67.93281949531949","67.93281949531949","67.93281949531949","73.90758547008546","73.90758547008546","73.90758547008546"
"4380.423264947","74.9815490145003","74.9815490145003","74.9815490145003","74.89336415733264","74.89336415733264","74.89336415733264","84.37065859164713","84.37065859164713","84.37065859164713","","","","","","","","",""
"4395.34599702","","","","","","","","","","67.22184065934066","67.22184065934066","67.22184065934066","67.93281949531949","67.93281949531949","67.93281949531949","73.90758547008546","73.90758547008546","73.90758547008546"
"4395.423713916","74.9815490145003","74.9815490145003","74.9815490145003","74.89336415733264","74.89336415733264","74.89336415733264","84.37065859164713","84.37065859164713","84.37065859164713","","","","","","","","",""
"4410.339769037","","","","","","","","","","67.22184065934066","67.22184065934066","67.22184065934066","67.93281949531949","67.93281949531949","67.93281949531949","73.90758547008546","73.90758547008546","73.90758547008546"
"4410.425519598","74.9815490145003","74.9815490145003","74.9815490145003","74.89336415733264","74.89336415733264","74.89336415733264","84.37065859164713","84.37065859164713","84.37065859164713","","","","","","","","",""
"4425.342238585","","","","","","","","","","67.22184065934066","67.22184065934066","67.22184065934066","67.93281949531949","67.93281949531949","67.93281949531949","73.90758547008546","73.90758547008546","73.90758547008546"
"4425.425112591","74.9815490145003","74.9815490145003","74.9815490145003","74.89336415733264","74.89336415733264","74.89336415733264","84.37065859164713","84.37065859164713","84.37065859164713","","","","","","","","",""
"4440.34560366","","","","","","","","","","67.22184065934066","67.22184065934066","67.22184065934066","67.93281949531949","67.93281949531949","67.93281949531949","73.90758547008546","73.90758547008546","73.90758547008546"
"4440.424193127","74.9815490145003","74.9815490145003","74.9815490145003","74.89336415733264","74.89336415733264","74.89336415733264","84.37065859164713","84.37065859164713","84.37065859164713","","","","","","","","",""
"4455.341428318","","","","","","","","","","67.22184065934066","67.22184065934066","67.22184065934066","67.93281949531949","67.93281949531949","67.93281949531949","73.90758547008546","73.90758547008546","73.90758547008546"
"4455.427812455","74.9815490145003","74.9815490145003","74.9815490145003","74.89336415733264","74.89336415733264","74.89336415733264","84.37065859164713","84.37065859164713","84.37065859164713","","","","","","","","",""
"4470.335355765","","","","","","","","","","67.22184065934066","67.22184065934066","67.22184065934066","67.93281949531949","67.93281949531949","67.93281949531949","73.90758547008546","73.90758547008546","73.90758547008546"
"4470.419565968","74.9815490145003","74.9815490145003","74.9815490145003","74.89336415733264","74.89336415733264","74.89336415733264","84.37065859164713","84.37065859164713","84.37065859164713","","","","","","","","",""
"4485.34856701","","","","","","","","","","67.22184065934066","67.22184065934066","67.22184065934066","67.93281949531949","67.93281949531949","67.93281949531949","73.90758547008546","73.90758547008546","73.90758547008546"
"4485.420508227","74.9815490145003","74.9815490145003","74.9815490145003","74.89336415733264","74.89336415733264","74.89336415733264","84.37065859164713","84.37065859164713","84.37065859164713","","","","","","","","",""
"4500.348134928","","","","","","","","","","67.22184065934066","67.22184065934066","67.22184065934066","67.93281949531949","67.93281949531949","67.93281949531949","73.90758547008546","73.90758547008546","73.90758547008546"
"4500.421229183","74.9815490145003","74.9815490145003","74.9815490145003","74.89336415733264","74.89336415733264","74.89336415733264","84.37065859164713","84.37065859164713","84.37065859164713","","","","","","","","",""
"4515.344080498","","","","","","","","","","67.22184065934066","67.22184065934066","67.22184065934066","67.93281949531949","67.93281949531949","67.93281949531949","73.90758547008546","73.90758547008546","73.90758547008546"
"4515.421904575","74.9815490145003","74.9815490145003","74.9815490145003","74.89336415733264","74.89336415733264","74.89336415733264","84.37065859164713","84.37065859164713","84.37065859164713","","","","","","","","",""
"4530.345177008","","","","","","","","","","67.22184065934066","67.22184065934066","67.22184065934066","67.93281949531949","67.93281949531949","67.93281949531949","73.90758547008546","73.90758547008546","73.90758547008546"
"4530.422517966","74.9815490145003","74.9815490145003","74.9815490145003","74.89336415733264","74.89336415733264","74.89336415733264","84.37065859164713","84.37065859164713","84.37065859164713","","","","","","","","",""
"4545.35088518","","","","","","","","","","67.22184065934066","67.22184065934066","67.22184065934066","67.93281949531949","67.93281949531949","67.93281949531949","73.90758547008546","73.90758547008546","73.90758547008546"
"4545.424661276","74.9815490145003","74.9815490145003","74.9815490145003","74.89336415733264","74.89336415733264","74.89336415733264","84.37065859164713","84.37065859164713","84.37065859164713","","","","","","","","",""
"4560.350496234","","","","","","","","","","67.22184065934066","67.22184065934066","67.22184065934066","67.93281949531949","67.93281949531949","67.93281949531949","73.90758547008546","73.90758547008546","73.90758547008546"
"4560.430267188","74.9815490145003","74.9815490145003","74.9815490145003","74.89336415733264","74.89336415733264","74.89336415733264","84.37065859164713","84.37065859164713","84.37065859164713","","","","","","","","",""
"4575.346339035","","","","","","","","","","67.22184065934066","67.22184065934066","67.22184065934066","67.93281949531949","67.93281949531949","67.93281949531949","73.90758547008546","73.90758547008546","73.90758547008546"
"4575.412760828","74.9815490145003","74.9815490145003","74.9815490145003","74.89336415733264","74.89336415733264","74.89336415733264","84.37065859164713","84.37065859164713","84.37065859164713","","","","","","","","",""
"4590.345615717","","","","","","","","","","67.22184065934066","67.22184065934066","67.22184065934066","67.93281949531949","67.93281949531949","67.93281949531949","73.90758547008546","73.90758547008546","73.90758547008546"
"4590.427474476","74.9815490145003","74.9815490145003","74.9815490145003","74.89336415733264","74.89336415733264","74.89336415733264","84.37065859164713","84.37065859164713","84.37065859164713","","","","","","","","",""
"4605.342234066","","","","","","","","","","67.22184065934066","67.22184065934066","67.22184065934066","67.93281949531949","67.93281949531949","67.93281949531949","73.90758547008546","73.90758547008546","73.90758547008546"
"4605.42190486","74.9815490145003","74.9815490145003","74.9815490145003","74.89336415733264","74.89336415733264","74.89336415733264","84.37065859164713","84.37065859164713","84.37065859164713","","","","","","","","",""
"4620.347102771","","","","","","","","","","67.22184065934066","67.22184065934066","67.22184065934066","67.93281949531949","67.93281949531949","67.93281949531949","73.90758547008546","73.90758547008546","73.90758547008546"
"4620.426307995","74.9815490145003","74.9815490145003","74.9815490145003","74.89336415733264","74.89336415733264","74.89336415733264","84.37065859164713","84.37065859164713","84.37065859164713","","","","","","","","",""
"4635.345185632","","","","","","","","","","67.22184065934066","67.22184065934066","67.22184065934066","67.93281949531949","67.93281949531949","67.93281949531949","73.90758547008546","73.90758547008546","73.90758547008546"
"4635.412811046","74.9815490145003","74.9815490145003","74.9815490145003","74.89336415733264","74.89336415733264","74.89336415733264","84.37065859164713","84.37065859164713","84.37065859164713","","","","","","","","",""
"4650.348612492","","","","","","","","","","67.22184065934066","67.22184065934066","67.22184065934066","67.93281949531949","67.93281949531949","67.93281949531949","73.90758547008546","73.90758547008546","73.90758547008546"
"4650.419055834","74.9815490145003","74.9815490145003","74.9815490145003","74.89336415733264","74.89336415733264","74.89336415733264","84.37065859164713","84.37065859164713","84.37065859164713","","","","","","","","",""
"4665.344119249","","","","","","","","","","67.22184065934066","67.22184065934066","67.22184065934066","67.93281949531949","67.93281949531949","67.93281949531949","73.90758547008546","73.90758547008546","73.90758547008546"
"4665.436149703","74.9815490145003","74.9815490145003","74.9815490145003","74.89336415733264","74.89336415733264","74.89336415733264","84.37065859164713","84.37065859164713","84.37065859164713","","","","","","","","",""
"4680.346345453","","","","","","","","","","67.22184065934066","67.22184065934066","67.22184065934066","67.93281949531949","67.93281949531949","67.93281949531949","73.90758547008546","73.90758547008546","73.90758547008546"
"4680.419476413","74.9815490145003","74.9815490145003","74.9815490145003","74.89336415733264","74.89336415733264","74.89336415733264","84.37065859164713","84.37065859164713","84.37065859164713","","","","","","","","",""
"4695.341041068","","","","","","","","","","67.22184065934066","67.22184065934066","67.22184065934066","67.93281949531949","67.93281949531949","67.93281949531949","73.90758547008546","73.90758547008546","73.90758547008546"
"4695.429944901","74.9815490145003","74.9815490145003","74.9815490145003","74.89336415733264","74.89336415733264","74.89336415733264","84.37065859164713","84.37065859164713","84.37065859164713","","","","","","","","",""
"4710.349906816","","","","","","","","","","67.22184065934066","67.22184065934066","67.22184065934066","67.93281949531949","67.93281949531949","67.93281949531949","73.90758547008546","73.90758547008546","73.90758547008546"
"4710.422948448","74.9815490145003","74.9815490145003","74.9815490145003","74.89336415733264","74.89336415733264","74.89336415733264","84.37065859164713","84.37065859164713","84.37065859164713","","","","","","","","",""
"4725.340791697","","","","","","","","","","67.22184065934066","67.22184065934066","67.22184065934066","67.93281949531949","67.93281949531949","67.93281949531949","73.90758547008546","73.90758547008546","73.90758547008546"
"4725.427224636","74.9815490145003","74.9815490145003","74.9815490145003","74.89336415733264","74.89336415733264","74.89336415733264","84.37065859164713","84.37065859164713","84.37065859164713","","","","","","","","",""
"4740.346907278","","","","","","","","","","67.22184065934066","67.22184065934066","67.22184065934066","67.93281949531949","67.93281949531949","67.93281949531949","73.90758547008546","73.90758547008546","73.90758547008546"
"4740.424178809","74.9815490145003","74.9815490145003","74.9815490145003","74.89336415733264","74.89336415733264","74.89336415733264","84.37065859164713","84.37065859164713","84.37065859164713","","","","","","","","",""
"4755.336652968","","","","","","","","","","67.22184065934066","67.22184065934066","67.22184065934066","67.93281949531949","67.93281949531949","67.93281949531949","73.90758547008546","73.90758547008546","73.90758547008546"
"4755.430846283","74.9815490145003","74.9815490145003","74.9815490145003","74.89336415733264","74.89336415733264","74.89336415733264","84.37065859164713","84.37065859164713","84.37065859164713","","","","","","","","",""
"4770.343201194","","","","","","","","","","67.22184065934066","67.22184065934066","67.22184065934066","67.93281949531949","67.93281949531949","67.93281949531949","73.90758547008546","73.90758547008546","73.90758547008546"
"4770.422274955","74.9815490145003","74.9815490145003","74.9815490145003","74.89336415733264","74.89336415733264","74.89336415733264","84.37065859164713","84.37065859164713","84.37065859164713","","","","","","","","",""
"4785.335658059","","","","","","","","","","67.22184065934066","67.22184065934066","67.22184065934066","67.93281949531949","67.93281949531949","67.93281949531949","73.90758547008546","73.90758547008546","73.90758547008546"
"4785.420755328","74.9815490145003","74.9815490145003","74.9815490145003","74.89336415733264","74.89336415733264","74.89336415733264","84.37065859164713","84.37065859164713","84.37065859164713","","","","","","","","",""
"4800.327756543","","","","","","","","","","67.22184065934066","67.22184065934066","67.22184065934066","67.93281949531949","67.93281949531949","67.93281949531949","73.90758547008546","73.90758547008546","73.90758547008546"
"4800.420064138","74.9815490145003","74.9815490145003","74.9815490145003","74.89336415733264","74.89336415733264","74.89336415733264","84.37065859164713","84.37065859164713","84.37065859164713","","","","","","","","",""
"4815.339442105","","","","","","","","","","67.22184065934066","67.22184065934066","67.22184065934066","67.93281949531949","67.93281949531949","67.93281949531949","73.90758547008546","73.90758547008546","73.90758547008546"
"4815.435377168","74.9815490145003","74.9815490145003","74.9815490145003","74.89336415733264","74.89336415733264","74.89336415733264","84.37065859164713","84.37065859164713","84.37065859164713","","","","","","","","",""
"4830.342072668","","","","","","","","","","67.22184065934066","67.22184065934066","67.22184065934066","67.93281949531949","67.93281949531949","67.93281949531949","73.90758547008546","73.90758547008546","73.90758547008546"
"4830.422258998","74.9815490145003","74.9815490145003","74.9815490145003","74.89336415733264","74.89336415733264","74.89336415733264","84.37065859164713","84.37065859164713","84.37065859164713","","","","","","","","",""
"4845.337331667","","","","","","","","","","67.22184065934066","67.22184065934066","67.22184065934066","67.93281949531949","67.93281949531949","67.93281949531949","73.90758547008546","73.90758547008546","73.90758547008546"
"4845.426873461","74.9815490145003","74.9815490145003","74.9815490145003","74.89336415733264","74.89336415733264","74.89336415733264","84.37065859164713","84.37065859164713","84.37065859164713","","","","","","","","",""
"4860.420154561","74.9815490145003","74.9815490145003","74.9815490145003","74.89336415733264","74.89336415733264","74.89336415733264","84.37065859164713","84.37065859164713","84.37065859164713","","","","","","","","",""
"4875.433598124","74.9815490145003","74.9815490145003","74.9815490145003","74.89336415733264","74.89336415733264","74.89336415733264","84.37065859164713","84.37065859164713","84.37065859164713","","","","","","","","",""
"4890.426628108","74.9815490145003","74.9815490145003","74.9815490145003","74.89336415733264","74.89336415733264","74.89336415733264","84.37065859164713","84.37065859164713","84.37065859164713","","","","","","","","",""
"4905.431212895","74.9815490145003","74.9815490145003","74.9815490145003","74.89336415733264","74.89336415733264","74.89336415733264","84.37065859164713","84.37065859164713","84.37065859164713","","","","","","","","",""
"4920.41761087","74.9815490145003","74.9815490145003","74.9815490145003","74.89336415733264","74.89336415733264","74.89336415733264","84.37065859164713","84.37065859164713","84.37065859164713","","","","","","","","",""
"4935.416922521","74.9815490145003","74.9815490145003","74.9815490145003","74.89336415733264","74.89336415733264","74.89336415733264","84.37065859164713","84.37065859164713","84.37065859164713","","","","","","","","",""
"4950.424534178","74.9815490145003","74.9815490145003","74.9815490145003","74.89336415733264","74.89336415733264","74.89336415733264","84.37065859164713","84.37065859164713","84.37065859164713","","","","","","","","",""
"4965.420807506","74.9815490145003","74.9815490145003","74.9815490145003","74.89336415733264","74.89336415733264","74.89336415733264","84.37065859164713","84.37065859164713","84.37065859164713","","","","","","","","",""
"4980.420541256","74.9815490145003","74.9815490145003","74.9815490145003","74.89336415733264","74.89336415733264","74.89336415733264","84.37065859164713","84.37065859164713","84.37065859164713","","","","","","","","",""
"4995.406720785","74.9815490145003","74.9815490145003","74.9815490145003","74.89336415733264","74.89336415733264","74.89336415733264","84.37065859164713","84.37065859164713","84.37065859164713","","","","","","","","",""
"5010.415408949","74.9815490145003","74.9815490145003","74.9815490145003","74.89336415733264","74.89336415733264","74.89336415733264","84.37065859164713","84.37065859164713","84.37065859164713","","","","","","","","",""
"5025.420579177","74.9815490145003","74.9815490145003","74.9815490145003","74.89336415733264","74.89336415733264","74.89336415733264","84.37065859164713","84.37065859164713","84.37065859164713","","","","","","","","",""
"5040.42623305","74.9815490145003","74.9815490145003","74.9815490145003","74.89336415733264","74.89336415733264","74.89336415733264","84.37065859164713","84.37065859164713","84.37065859164713","","","","","","","","",""
"5055.427348653","74.9815490145003","74.9815490145003","74.9815490145003","74.89336415733264","74.89336415733264","74.89336415733264","84.37065859164713","84.37065859164713","84.37065859164713","","","","","","","","",""
"5070.417832287","74.9815490145003","74.9815490145003","74.9815490145003","74.89336415733264","74.89336415733264","74.89336415733264","84.37065859164713","84.37065859164713","84.37065859164713","","","","","","","","",""
"5085.427318465","74.9815490145003","74.9815490145003","74.9815490145003","74.89336415733264","74.89336415733264","74.89336415733264","84.37065859164713","84.37065859164713","84.37065859164713","","","","","","","","",""
"5100.420809504","74.9815490145003","74.9815490145003","74.9815490145003","74.89336415733264","74.89336415733264","74.89336415733264","84.37065859164713","84.37065859164713","84.37065859164713","","","","","","","","",""
"5115.420321783","74.9815490145003","74.9815490145003","74.9815490145003","74.89336415733264","74.89336415733264","74.89336415733264","84.37065859164713","84.37065859164713","84.37065859164713","","","","","","","","",""
"5130.423866633","74.9815490145003","74.9815490145003","74.9815490145003","74.89336415733264","74.89336415733264","74.89336415733264","84.37065859164713","84.37065859164713","84.37065859164713","","","","","","","","",""
"5145.419506211","74.9815490145003","74.9815490145003","74.9815490145003","74.89336415733264","74.89336415733264","74.89336415733264","84.37065859164713","84.37065859164713","84.37065859164713","","","","","","","","",""
"5160.426591182","74.9815490145003","74.9815490145003","74.9815490145003","74.89336415733264","74.89336415733264","74.89336415733264","84.37065859164713","84.37065859164713","84.37065859164713","","","","","","","","",""
"5175.418813549","74.9815490145003","74.9815490145003","74.9815490145003","74.89336415733264","74.89336415733264","74.89336415733264","84.37065859164713","84.37065859164713","84.37065859164713","","","","","","","","",""
"5190.415221813","74.9815490145003","74.9815490145003","74.9815490145003","74.89336415733264","74.89336415733264","74.89336415733264","84.37065859164713","84.37065859164713","84.37065859164713","","","","","","","","",""
"5205.429885027","74.9815490145003","74.9815490145003","74.9815490145003","74.89336415733264","74.89336415733264","74.89336415733264","84.37065859164713","84.37065859164713","84.37065859164713","","","","","","","","",""
"5220.435073826","74.9815490145003","74.9815490145003","74.9815490145003","74.89336415733264","74.89336415733264","74.89336415733264","84.37065859164713","84.37065859164713","84.37065859164713","","","","","","","","",""
"5235.419960692","74.9815490145003","74.9815490145003","74.9815490145003","74.89336415733264","74.89336415733264","74.89336415733264","84.37065859164713","84.37065859164713","84.37065859164713","","","","","","","","",""
"5250.419019094","74.9815490145003","74.9815490145003","74.9815490145003","74.89336415733264","74.89336415733264","74.89336415733264","84.37065859164713","84.37065859164713","84.37065859164713","","","","","","","","",""
"5265.422329854","74.9815490145003","74.9815490145003","74.9815490145003","74.89336415733264","74.89336415733264","74.89336415733264","84.37065859164713","84.37065859164713","84.37065859164713","","","","","","","","",""
"5280.433711977","74.9815490145003","74.9815490145003","74.9815490145003","74.89336415733264","74.89336415733264","74.89336415733264","84.37065859164713","84.37065859164713","84.37065859164713","","","","","","","","",""
"5295.41842783","74.9815490145003","74.9815490145003","74.9815490145003","74.89336415733264","74.89336415733264","74.89336415733264","84.37065859164713","84.37065859164713","84.37065859164713","","","","","","","","",""
"5310.421919212","74.9815490145003","74.9815490145003","74.9815490145003","74.89336415733264","74.89336415733264","74.89336415733264","84.37065859164713","84.37065859164713","84.37065859164713","","","","","","","","",""
"5325.417929624","74.9815490145003","74.9815490145003","74.9815490145003","74.89336415733264","74.89336415733264","74.89336415733264","84.37065859164713","84.37065859164713","84.37065859164713","","","","","","","","",""
"5340.425380574","74.9815490145003","74.9815490145003","74.9815490145003","74.89336415733264","74.89336415733264","74.89336415733264","84.37065859164713","84.37065859164713","84.37065859164713","","","","","","","","",""
"5355.42200275","74.9815490145003","74.9815490145003","74.9815490145003","74.89336415733264","74.89336415733264","74.89336415733264","84.37065859164713","84.37065859164713","84.37065859164713","","","","","","","","",""
"5370.422061809","74.9815490145003","74.9815490145003","74.9815490145003","74.89336415733264","74.89336415733264","74.89336415733264","84.37065859164713","84.37065859164713","84.37065859164713","","","","","","","","",""
"5385.428644138","74.9815490145003","74.9815490145003","74.9815490145003","74.89336415733264","74.89336415733264","74.89336415733264","84.37065859164713","84.37065859164713","84.37065859164713","","","","","","","","",""
"5400.425111414","74.9815490145003","74.9815490145003","74.9815490145003","74.89336415733264","74.89336415733264","74.89336415733264","84.37065859164713","84.37065859164713","84.37065859164713","","","","","","","","",""
"5415.426751915","74.9815490145003","74.9815490145003","74.9815490145003","74.89336415733264","74.89336415733264","74.89336415733264","84.37065859164713","84.37065859164713","84.37065859164713","","","","","","","","",""
"5430.41750514","74.9815490145003","74.9815490145003","74.9815490145003","74.89336415733264","74.89336415733264","74.89336415733264","84.37065859164713","84.37065859164713","84.37065859164713","","","","","","","","",""
"5445.433126247","74.9815490145003","74.9815490145003","74.9815490145003","74.89336415733264","74.89336415733264","74.89336415733264","84.37065859164713","84.37065859164713","84.37065859164713","","","","","","","","",""
"5460.422894666","74.9815490145003","74.9815490145003","74.9815490145003","74.89336415733264","74.89336415733264","74.89336415733264","84.37065859164713","84.37065859164713","84.37065859164713","","","","","","","","",""
"5475.424675133","74.9815490145003","74.9815490145003","74.9815490145003","74.89336415733264","74.89336415733264","74.89336415733264","84.37065859164713","84.37065859164713","84.37065859164713","","","","","","","","",""
"5490.420369413","74.9815490145003","74.9815490145003","74.9815490145003","74.89336415733264","74.89336415733264","74.89336415733264","84.37065859164713","84.37065859164713","84.37065859164713","","","","","","","","",""
"5505.421292624","74.9815490145003","74.9815490145003","74.9815490145003","74.89336415733264","74.89336415733264","74.89336415733264","84.37065859164713","84.37065859164713","84.37065859164713","","","","","","","","",""
"5520.419948294","74.9815490145003","74.9815490145003","74.9815490145003","74.89336415733264","74.89336415733264","74.89336415733264","84.37065859164713","84.37065859164713","84.37065859164713","","","","","","","","",""
"5535.420280578","74.9815490145003","74.9815490145003","74.9815490145003","74.89336415733264","74.89336415733264","74.89336415733264","84.37065859164713","84.37065859164713","84.37065859164713","","","","","","","","",""
"5550.417469201","74.9815490145003","74.9815490145003","74.9815490145003","74.89336415733264","74.89336415733264","74.89336415733264","84.37065859164713","84.37065859164713","84.37065859164713","","","","","","","","",""
"5565.417147055","74.9815490145003","74.9815490145003","74.9815490145003","74.89336415733264","74.89336415733264","74.89336415733264","84.37065859164713","84.37065859164713","84.37065859164713","","","","","","","","",""
"5580.418049631","74.9815490145003","74.9815490145003","74.9815490145003","74.89336415733264","74.89336415733264","74.89336415733264","84.37065859164713","84.37065859164713","84.37065859164713","","","","","","","","",""
"5595.399245186","74.9815490145003","74.9815490145003","74.9815490145003","74.89336415733264","74.89336415733264","74.89336415733264","84.37065859164713","84.37065859164713","84.37065859164713","","","","","","","","",""
"5610.410760619","74.9815490145003","74.9815490145003","74.9815490145003","74.89336415733264","74.89336415733264","74.89336415733264","84.37065859164713","84.37065859164713","84.37065859164713","","","","","","","","",""
"5625.41955216","74.9815490145003","74.9815490145003","74.9815490145003","74.89336415733264","74.89336415733264","74.89336415733264","84.37065859164713","84.37065859164713","84.37065859164713","","","","","","","","",""
"5640.421805529","74.9815490145003","74.9815490145003","74.9815490145003","74.89336415733264","74.89336415733264","74.89336415733264","84.37065859164713","84.37065859164713","84.37065859164713","","","","","","","","",""