{
    "num_ret": {
        "all": 1954.5454545454545
    },
    "num_rel": {
        "all": 186.45454545454547
    },
    "num_rel_ret": {
        "all": 127.9090909090909
    },
    "map": {
        "all": 0.5004590909090909
    },
    "Rprec": {
        "all": 0.49641818181818187
    },
    "bpref": {
        "all": 0.6067954545454546
    },
    "recip_rank": {
        "all": 0.9813954545454546
    },
    "iprec_at_recall_0.00": {
        "all": 0.9840886363636362
    },
    "iprec_at_recall_0.10": {
        "all": 0.8741499999999999
    },
    "iprec_at_recall_0.20": {
        "all": 0.8112136363636364
    },
    "iprec_at_recall_0.30": {
        "all": 0.7175999999999999
    },
    "iprec_at_recall_0.40": {
        "all": 0.5696500000000001
    },
    "iprec_at_recall_0.50": {
        "all": 0.5037363636363636
    },
    "iprec_at_recall_0.60": {
        "all": 0.4260704545454546
    },
    "iprec_at_recall_0.70": {
        "all": 0.32948636363636363
    },
    "iprec_at_recall_0.80": {
        "all": 0.2432954545454545
    },
    "iprec_at_recall_0.90": {
        "all": 0.1438977272727273
    },
    "iprec_at_recall_1.00": {
        "all": 0.043329545454545454
    },
    "P_5": {
        "all": 0.8930227272727275
    },
    "P_10": {
        "all": 0.8116272727272725
    },
    "P_15": {
        "all": 0.778293181818182
    },
    "P_20": {
        "all": 0.7372090909090908
    },
    "P_30": {
        "all": 0.6418613636363637
    },
    "P_100": {
        "all": 0.39651136363636363
    },
    "P_200": {
        "all": 0.26639545454545455
    },
    "P_500": {
        "all": 0.12376818181818185
    },
    "P_1000": {
        "all": 0.06544090909090909
    },
    "num_q": {
        "all": 43.0
    },
    "gm_map": {
        "all": 0.4143
    }
}