{
    "num_ret": {
        "all": 1954.5454545454545
    },
    "num_rel": {
        "all": 186.45454545454547
    },
    "num_rel_ret": {
        "all": 127.9090909090909
    },
    "map": {
        "all": 0.4999250000000001
    },
    "Rprec": {
        "all": 0.501775
    },
    "bpref": {
        "all": 0.6073954545454545
    },
    "recip_rank": {
        "all": 0.9523250000000001
    },
    "iprec_at_recall_0.00": {
        "all": 0.9730045454545455
    },
    "iprec_at_recall_0.10": {
        "all": 0.8796363636363637
    },
    "iprec_at_recall_0.20": {
        "all": 0.807634090909091
    },
    "iprec_at_recall_0.30": {
        "all": 0.7092681818181817
    },
    "iprec_at_recall_0.40": {
        "all": 0.5767727272727273
    },
    "iprec_at_recall_0.50": {
        "all": 0.5027318181818181
    },
    "iprec_at_recall_0.60": {
        "all": 0.4321022727272727
    },
    "iprec_at_recall_0.70": {
        "all": 0.3338681818181818
    },
    "iprec_at_recall_0.80": {
        "all": 0.24932272727272728
    },
    "iprec_at_recall_0.90": {
        "all": 0.139925
    },
    "iprec_at_recall_1.00": {
        "all": 0.04257727272727273
    },
    "P_5": {
        "all": 0.8697681818181819
    },
    "P_10": {
        "all": 0.8255818181818182
    },
    "P_15": {
        "all": 0.7751863636363635
    },
    "P_20": {
        "all": 0.7325590909090909
    },
    "P_30": {
        "all": 0.6395340909090909
    },
    "P_100": {
        "all": 0.3962795454545454
    },
    "P_200": {
        "all": 0.2640704545454545
    },
    "P_500": {
        "all": 0.1230227272727273
    },
    "P_1000": {
        "all": 0.06544090909090909
    },
    "num_q": {
        "all": 43.0
    },
    "gm_map": {
        "all": 0.4109
    }
}