{
    "num_ret": {
        "all": 1954.5454545454545
    },
    "num_rel": {
        "all": 186.45454545454547
    },
    "num_rel_ret": {
        "all": 127.9090909090909
    },
    "map": {
        "all": 0.4898704545454546
    },
    "Rprec": {
        "all": 0.5017181818181817
    },
    "bpref": {
        "all": 0.6074659090909091
    },
    "recip_rank": {
        "all": 0.9279068181818182
    },
    "iprec_at_recall_0.00": {
        "all": 0.961084090909091
    },
    "iprec_at_recall_0.10": {
        "all": 0.8613886363636364
    },
    "iprec_at_recall_0.20": {
        "all": 0.78935
    },
    "iprec_at_recall_0.30": {
        "all": 0.6942295454545454
    },
    "iprec_at_recall_0.40": {
        "all": 0.569315909090909
    },
    "iprec_at_recall_0.50": {
        "all": 0.49795909090909096
    },
    "iprec_at_recall_0.60": {
        "all": 0.42145227272727276
    },
    "iprec_at_recall_0.70": {
        "all": 0.34041590909090913
    },
    "iprec_at_recall_0.80": {
        "all": 0.24779545454545457
    },
    "iprec_at_recall_0.90": {
        "all": 0.13952045454545453
    },
    "iprec_at_recall_1.00": {
        "all": 0.04128409090909091
    },
    "P_5": {
        "all": 0.8558136363636365
    },
    "P_10": {
        "all": 0.8093022727272726
    },
    "P_15": {
        "all": 0.7550318181818182
    },
    "P_20": {
        "all": 0.7127909090909091
    },
    "P_30": {
        "all": 0.6348840909090909
    },
    "P_100": {
        "all": 0.39418636363636367
    },
    "P_200": {
        "all": 0.26337272727272726
    },
    "P_500": {
        "all": 0.12251136363636364
    },
    "P_1000": {
        "all": 0.06544090909090909
    },
    "num_q": {
        "all": 43.0
    },
    "gm_map": {
        "all": 0.3995
    }
}