{
    "num_ret": {
        "all": 1954.5454545454545
    },
    "num_rel": {
        "all": 186.45454545454547
    },
    "num_rel_ret": {
        "all": 127.9090909090909
    },
    "map": {
        "all": 0.4814386363636363
    },
    "Rprec": {
        "all": 0.48835909090909085
    },
    "bpref": {
        "all": 0.6015863636363636
    },
    "recip_rank": {
        "all": 0.9465113636363637
    },
    "iprec_at_recall_0.00": {
        "all": 0.9637045454545455
    },
    "iprec_at_recall_0.10": {
        "all": 0.8545818181818181
    },
    "iprec_at_recall_0.20": {
        "all": 0.7733840909090909
    },
    "iprec_at_recall_0.30": {
        "all": 0.6591681818181818
    },
    "iprec_at_recall_0.40": {
        "all": 0.5571022727272728
    },
    "iprec_at_recall_0.50": {
        "all": 0.48040681818181813
    },
    "iprec_at_recall_0.60": {
        "all": 0.4108340909090909
    },
    "iprec_at_recall_0.70": {
        "all": 0.34737045454545457
    },
    "iprec_at_recall_0.80": {
        "all": 0.2443090909090909
    },
    "iprec_at_recall_0.90": {
        "all": 0.12580227272727273
    },
    "iprec_at_recall_1.00": {
        "all": 0.03993181818181818
    },
    "P_5": {
        "all": 0.8697681818181817
    },
    "P_10": {
        "all": 0.7999999999999999
    },
    "P_15": {
        "all": 0.7627840909090907
    },
    "P_20": {
        "all": 0.715115909090909
    },
    "P_30": {
        "all": 0.6449704545454545
    },
    "P_100": {
        "all": 0.38697727272727284
    },
    "P_200": {
        "all": 0.25639545454545454
    },
    "P_500": {
        "all": 0.1242318181818182
    },
    "P_1000": {
        "all": 0.06544090909090909
    },
    "num_q": {
        "all": 43.0
    },
    "gm_map": {
        "all": 0.392
    }
}