{
    "num_ret": {
        "all": 1954.5454545454545
    },
    "num_rel": {
        "all": 186.45454545454547
    },
    "num_rel_ret": {
        "all": 127.9090909090909
    },
    "map": {
        "all": 0.48915681818181816
    },
    "Rprec": {
        "all": 0.4915954545454545
    },
    "bpref": {
        "all": 0.602975
    },
    "recip_rank": {
        "all": 0.9813954545454546
    },
    "iprec_at_recall_0.00": {
        "all": 0.9821113636363638
    },
    "iprec_at_recall_0.10": {
        "all": 0.8583795454545455
    },
    "iprec_at_recall_0.20": {
        "all": 0.7860204545454544
    },
    "iprec_at_recall_0.30": {
        "all": 0.6614136363636364
    },
    "iprec_at_recall_0.40": {
        "all": 0.5646545454545454
    },
    "iprec_at_recall_0.50": {
        "all": 0.48555681818181823
    },
    "iprec_at_recall_0.60": {
        "all": 0.4191863636363636
    },
    "iprec_at_recall_0.70": {
        "all": 0.3537318181818182
    },
    "iprec_at_recall_0.80": {
        "all": 0.24720454545454543
    },
    "iprec_at_recall_0.90": {
        "all": 0.12512045454545453
    },
    "iprec_at_recall_1.00": {
        "all": 0.03996136363636364
    },
    "P_5": {
        "all": 0.8697681818181817
    },
    "P_10": {
        "all": 0.8116272727272725
    },
    "P_15": {
        "all": 0.767440909090909
    },
    "P_20": {
        "all": 0.7186045454545454
    },
    "P_30": {
        "all": 0.6488431818181818
    },
    "P_100": {
        "all": 0.38953409090909097
    },
    "P_200": {
        "all": 0.2580227272727273
    },
    "P_500": {
        "all": 0.12474318181818184
    },
    "P_1000": {
        "all": 0.06544090909090909
    },
    "num_q": {
        "all": 43.0
    },
    "gm_map": {
        "all": 0.3975
    }
}