{
    "num_ret": {
        "all": 1954.5454545454545
    },
    "num_rel": {
        "all": 186.45454545454547
    },
    "num_rel_ret": {
        "all": 127.9090909090909
    },
    "map": {
        "all": 0.4908454545454546
    },
    "Rprec": {
        "all": 0.49426590909090906
    },
    "bpref": {
        "all": 0.6048431818181818
    },
    "recip_rank": {
        "all": 0.9806204545454545
    },
    "iprec_at_recall_0.00": {
        "all": 0.9817272727272727
    },
    "iprec_at_recall_0.10": {
        "all": 0.8641159090909092
    },
    "iprec_at_recall_0.20": {
        "all": 0.7912795454545456
    },
    "iprec_at_recall_0.30": {
        "all": 0.672390909090909
    },
    "iprec_at_recall_0.40": {
        "all": 0.5684454545454545
    },
    "iprec_at_recall_0.50": {
        "all": 0.4876727272727272
    },
    "iprec_at_recall_0.60": {
        "all": 0.41826136363636357
    },
    "iprec_at_recall_0.70": {
        "all": 0.34689545454545456
    },
    "iprec_at_recall_0.80": {
        "all": 0.24813863636363634
    },
    "iprec_at_recall_0.90": {
        "all": 0.12616590909090908
    },
    "iprec_at_recall_1.00": {
        "all": 0.042179545454545456
    },
    "P_5": {
        "all": 0.8558136363636364
    },
    "P_10": {
        "all": 0.8116272727272725
    },
    "P_15": {
        "all": 0.7705431818181817
    },
    "P_20": {
        "all": 0.7255818181818182
    },
    "P_30": {
        "all": 0.6441886363636363
    },
    "P_100": {
        "all": 0.38907045454545464
    },
    "P_200": {
        "all": 0.25802272727272724
    },
    "P_500": {
        "all": 0.12451136363636367
    },
    "P_1000": {
        "all": 0.06544090909090909
    },
    "num_q": {
        "all": 43.0
    },
    "gm_map": {
        "all": 0.3972
    }
}