{
    "num_ret": {
        "all": 1954.5454545454545
    },
    "num_rel": {
        "all": 186.45454545454547
    },
    "num_rel_ret": {
        "all": 127.9090909090909
    },
    "map": {
        "all": 0.4858363636363636
    },
    "Rprec": {
        "all": 0.49518636363636365
    },
    "bpref": {
        "all": 0.6009659090909092
    },
    "recip_rank": {
        "all": 0.945734090909091
    },
    "iprec_at_recall_0.00": {
        "all": 0.9726750000000002
    },
    "iprec_at_recall_0.10": {
        "all": 0.8612568181818183
    },
    "iprec_at_recall_0.20": {
        "all": 0.7975795454545456
    },
    "iprec_at_recall_0.30": {
        "all": 0.6697522727272728
    },
    "iprec_at_recall_0.40": {
        "all": 0.5504886363636363
    },
    "iprec_at_recall_0.50": {
        "all": 0.483565909090909
    },
    "iprec_at_recall_0.60": {
        "all": 0.4127636363636364
    },
    "iprec_at_recall_0.70": {
        "all": 0.3387204545454545
    },
    "iprec_at_recall_0.80": {
        "all": 0.2536909090909091
    },
    "iprec_at_recall_0.90": {
        "all": 0.13263181818181818
    },
    "iprec_at_recall_1.00": {
        "all": 0.03867727272727273
    },
    "P_5": {
        "all": 0.8651159090909091
    },
    "P_10": {
        "all": 0.8139545454545453
    },
    "P_15": {
        "all": 0.7782909090909093
    },
    "P_20": {
        "all": 0.7232568181818183
    },
    "P_30": {
        "all": 0.6434136363636364
    },
    "P_100": {
        "all": 0.3846522727272727
    },
    "P_200": {
        "all": 0.25825681818181817
    },
    "P_500": {
        "all": 0.1242318181818182
    },
    "P_1000": {
        "all": 0.06544090909090909
    },
    "num_q": {
        "all": 43.0
    },
    "gm_map": {
        "all": 0.3919
    }
}