{
    "num_ret": {
        "all": 1954.5454545454545
    },
    "num_rel": {
        "all": 186.45454545454547
    },
    "num_rel_ret": {
        "all": 127.9090909090909
    },
    "map": {
        "all": 0.47553863636363636
    },
    "Rprec": {
        "all": 0.4803181818181818
    },
    "bpref": {
        "all": 0.5992272727272727
    },
    "recip_rank": {
        "all": 0.9496113636363636
    },
    "iprec_at_recall_0.00": {
        "all": 0.9727750000000001
    },
    "iprec_at_recall_0.10": {
        "all": 0.8449613636363636
    },
    "iprec_at_recall_0.20": {
        "all": 0.7796522727272727
    },
    "iprec_at_recall_0.30": {
        "all": 0.644109090909091
    },
    "iprec_at_recall_0.40": {
        "all": 0.5458409090909091
    },
    "iprec_at_recall_0.50": {
        "all": 0.45453409090909086
    },
    "iprec_at_recall_0.60": {
        "all": 0.39751136363636363
    },
    "iprec_at_recall_0.70": {
        "all": 0.3422204545454545
    },
    "iprec_at_recall_0.80": {
        "all": 0.26100454545454543
    },
    "iprec_at_recall_0.90": {
        "all": 0.12613409090909092
    },
    "iprec_at_recall_1.00": {
        "all": 0.03653636363636364
    },
    "P_5": {
        "all": 0.8744181818181818
    },
    "P_10": {
        "all": 0.8069772727272727
    },
    "P_15": {
        "all": 0.7643409090909089
    },
    "P_20": {
        "all": 0.7081386363636365
    },
    "P_30": {
        "all": 0.6263636363636363
    },
    "P_100": {
        "all": 0.38209318181818186
    },
    "P_200": {
        "all": 0.25302272727272723
    },
    "P_500": {
        "all": 0.12399999999999999
    },
    "P_1000": {
        "all": 0.06544090909090909
    },
    "num_q": {
        "all": 43.0
    },
    "gm_map": {
        "all": 0.3823
    }
}