{
    "num_ret": {
        "all": 1954.5454545454545
    },
    "num_rel": {
        "all": 186.45454545454547
    },
    "num_rel_ret": {
        "all": 127.9090909090909
    },
    "map": {
        "all": 0.4705840909090908
    },
    "Rprec": {
        "all": 0.48087499999999994
    },
    "bpref": {
        "all": 0.5994431818181818
    },
    "recip_rank": {
        "all": 0.9418613636363635
    },
    "iprec_at_recall_0.00": {
        "all": 0.962475
    },
    "iprec_at_recall_0.10": {
        "all": 0.8510613636363638
    },
    "iprec_at_recall_0.20": {
        "all": 0.7731659090909093
    },
    "iprec_at_recall_0.30": {
        "all": 0.6443249999999999
    },
    "iprec_at_recall_0.40": {
        "all": 0.529390909090909
    },
    "iprec_at_recall_0.50": {
        "all": 0.454265909090909
    },
    "iprec_at_recall_0.60": {
        "all": 0.3912613636363637
    },
    "iprec_at_recall_0.70": {
        "all": 0.33702045454545454
    },
    "iprec_at_recall_0.80": {
        "all": 0.2531318181818182
    },
    "iprec_at_recall_0.90": {
        "all": 0.127775
    },
    "iprec_at_recall_1.00": {
        "all": 0.045604545454545446
    },
    "P_5": {
        "all": 0.8465113636363636
    },
    "P_10": {
        "all": 0.8069772727272727
    },
    "P_15": {
        "all": 0.7441886363636364
    },
    "P_20": {
        "all": 0.6930227272727273
    },
    "P_30": {
        "all": 0.6193840909090909
    },
    "P_100": {
        "all": 0.38092954545454544
    },
    "P_200": {
        "all": 0.2546522727272727
    },
    "P_500": {
        "all": 0.12404545454545453
    },
    "P_1000": {
        "all": 0.06544090909090909
    },
    "num_q": {
        "all": 43.0
    },
    "gm_map": {
        "all": 0.3736
    }
}