{
    "num_ret": {
        "all": 1954.5454545454545
    },
    "num_rel": {
        "all": 186.45454545454547
    },
    "num_rel_ret": {
        "all": 127.9090909090909
    },
    "map": {
        "all": 0.4793954545454545
    },
    "Rprec": {
        "all": 0.4813886363636364
    },
    "bpref": {
        "all": 0.60795
    },
    "recip_rank": {
        "all": 0.9612386363636364
    },
    "iprec_at_recall_0.00": {
        "all": 0.9666681818181818
    },
    "iprec_at_recall_0.10": {
        "all": 0.8425863636363636
    },
    "iprec_at_recall_0.20": {
        "all": 0.761875
    },
    "iprec_at_recall_0.30": {
        "all": 0.6600613636363636
    },
    "iprec_at_recall_0.40": {
        "all": 0.5655499999999999
    },
    "iprec_at_recall_0.50": {
        "all": 0.4907045454545455
    },
    "iprec_at_recall_0.60": {
        "all": 0.42144999999999994
    },
    "iprec_at_recall_0.70": {
        "all": 0.3576045454545454
    },
    "iprec_at_recall_0.80": {
        "all": 0.24504090909090906
    },
    "iprec_at_recall_0.90": {
        "all": 0.12326818181818183
    },
    "iprec_at_recall_1.00": {
        "all": 0.03952045454545455
    },
    "P_5": {
        "all": 0.8558136363636364
    },
    "P_10": {
        "all": 0.7883727272727273
    },
    "P_15": {
        "all": 0.7364272727272727
    },
    "P_20": {
        "all": 0.7069772727272728
    },
    "P_30": {
        "all": 0.6317840909090907
    },
    "P_100": {
        "all": 0.38930227272727264
    },
    "P_200": {
        "all": 0.2590704545454545
    },
    "P_500": {
        "all": 0.12279090909090909
    },
    "P_1000": {
        "all": 0.06544090909090909
    },
    "num_q": {
        "all": 43.0
    },
    "gm_map": {
        "all": 0.3878
    }
}