{
    "num_ret": {
        "all": 1954.5454545454545
    },
    "num_rel": {
        "all": 186.45454545454547
    },
    "num_rel_ret": {
        "all": 127.9090909090909
    },
    "map": {
        "all": 0.4576886363636365
    },
    "Rprec": {
        "all": 0.46423636363636367
    },
    "bpref": {
        "all": 0.6013386363636363
    },
    "recip_rank": {
        "all": 0.9476749999999999
    },
    "iprec_at_recall_0.00": {
        "all": 0.9682159090909093
    },
    "iprec_at_recall_0.10": {
        "all": 0.8377249999999999
    },
    "iprec_at_recall_0.20": {
        "all": 0.7399886363636363
    },
    "iprec_at_recall_0.30": {
        "all": 0.6283181818181819
    },
    "iprec_at_recall_0.40": {
        "all": 0.5389045454545456
    },
    "iprec_at_recall_0.50": {
        "all": 0.45489999999999997
    },
    "iprec_at_recall_0.60": {
        "all": 0.3870818181818182
    },
    "iprec_at_recall_0.70": {
        "all": 0.31437954545454544
    },
    "iprec_at_recall_0.80": {
        "all": 0.22112045454545456
    },
    "iprec_at_recall_0.90": {
        "all": 0.11821818181818179
    },
    "iprec_at_recall_1.00": {
        "all": 0.03732727272727272
    },
    "P_5": {
        "all": 0.832559090909091
    },
    "P_10": {
        "all": 0.7720931818181818
    },
    "P_15": {
        "all": 0.7302250000000001
    },
    "P_20": {
        "all": 0.6802318181818182
    },
    "P_30": {
        "all": 0.6054272727272727
    },
    "P_100": {
        "all": 0.3739545454545454
    },
    "P_200": {
        "all": 0.2527909090909091
    },
    "P_500": {
        "all": 0.12274318181818183
    },
    "P_1000": {
        "all": 0.06544090909090909
    },
    "num_q": {
        "all": 43.0
    },
    "gm_map": {
        "all": 0.3623
    }
}