{
    "num_ret": {
        "all": 1954.5454545454545
    },
    "num_rel": {
        "all": 186.45454545454547
    },
    "num_rel_ret": {
        "all": 127.9090909090909
    },
    "map": {
        "all": 0.452075
    },
    "Rprec": {
        "all": 0.46622500000000006
    },
    "bpref": {
        "all": 0.5971795454545454
    },
    "recip_rank": {
        "all": 0.9399227272727273
    },
    "iprec_at_recall_0.00": {
        "all": 0.951875
    },
    "iprec_at_recall_0.10": {
        "all": 0.8008386363636365
    },
    "iprec_at_recall_0.20": {
        "all": 0.7217590909090909
    },
    "iprec_at_recall_0.30": {
        "all": 0.6288545454545456
    },
    "iprec_at_recall_0.40": {
        "all": 0.5200568181818181
    },
    "iprec_at_recall_0.50": {
        "all": 0.46528181818181813
    },
    "iprec_at_recall_0.60": {
        "all": 0.38818636363636366
    },
    "iprec_at_recall_0.70": {
        "all": 0.315775
    },
    "iprec_at_recall_0.80": {
        "all": 0.21333409090909095
    },
    "iprec_at_recall_0.90": {
        "all": 0.12184545454545455
    },
    "iprec_at_recall_1.00": {
        "all": 0.038381818181818184
    },
    "P_5": {
        "all": 0.8139545454545455
    },
    "P_10": {
        "all": 0.7488363636363637
    },
    "P_15": {
        "all": 0.714725
    },
    "P_20": {
        "all": 0.6906977272727274
    },
    "P_30": {
        "all": 0.6139613636363636
    },
    "P_100": {
        "all": 0.3739545454545455
    },
    "P_200": {
        "all": 0.25430227272727274
    },
    "P_500": {
        "all": 0.12307045454545452
    },
    "P_1000": {
        "all": 0.06544090909090909
    },
    "num_q": {
        "all": 43.0
    },
    "gm_map": {
        "all": 0.3525
    }
}